Year,Month,EDC,n_offers,MeanMarkup,Variance,ShareAbovePTC,Q25,Q50,Q75
2017,8,APS,99.0,1.3624040404040405,2.415436569779427,0.8080808080808081,0.2519999999999998,1.0520000000000005,2.3520000000000003
2017,8,DUQ,85.0,1.2025490196078423,1.7559411764705881,0.8470588235294118,0.43666666666666565,0.9966666666666653,1.7666666666666666
2017,8,METED,81.0,1.6450864197530866,1.6195191049382718,0.9382716049382716,0.7320000000000002,1.2720000000000002,2.3820000000000006
2017,8,PECO,114.0,1.3975614035087718,2.2176267970811985,0.7894736842105263,0.16049999999999964,1.2780000000000005,2.3705
2017,8,PENELEC,69.0,1.2520579710144928,1.6706921142369993,0.855072463768116,0.29800000000000004,0.9779999999999998,1.798
2017,8,PPL,109.0,1.038761467889908,2.5274903499830095,0.7614678899082569,0.019999999999999574,0.8200000000000003,1.6199999999999992
2017,9,APS,103.0,1.7509951456310675,2.4090033504663997,0.8737864077669902,0.7174999999999994,1.5675,2.682499999999999
2017,9,DUQ,86.0,1.1189922480620147,1.5480909986320108,0.872093023255814,0.31416666666666604,0.9316666666666658,1.7241666666666653
2017,9,METED,83.0,1.4898192771084338,1.5603960035263005,0.8795180722891566,0.5349999999999997,1.295,2.1549999999999994
2017,9,PECO,118.0,1.3780677966101695,2.251116217586556,0.8220338983050848,0.359,1.1639999999999997,2.2465
2017,9,PENELEC,71.0,1.9326338028169008,1.6907249496981889,0.9577464788732394,1.1070000000000002,1.6070000000000002,2.512
2017,9,PPL,112.0,1.0348660714285711,2.5600357927123554,0.75,-0.002500000000000391,0.7949999999999999,1.7525000000000004
2017,10,APS,104.0,1.7994230769230766,2.361221508588499,0.8846153846153846,0.6674999999999995,1.6174999999999997,2.6499999999999995
2017,10,DUQ,91.0,1.3484249084249083,2.0905035409035415,0.8681318681318682,0.3816666666666664,1.1066666666666665,1.9416666666666664
2017,10,METED,85.0,1.577941176470588,1.4642710084033612,0.9058823529411765,0.665,1.495,2.2849999999999993
2017,10,PECO,114.0,1.4663684210526313,2.2367646949231483,0.8245614035087719,0.359,1.359,2.2964999999999995
2017,10,PENELEC,78.0,1.9723846153846158,1.5124875124875123,0.9615384615384616,1.2194999999999998,1.8070000000000004,2.4145
2017,10,PPL,116.0,1.1527155172413794,2.3907762574962526,0.8103448275862069,0.21999999999999975,0.9199999999999999,1.8200000000000003
2017,11,APS,103.0,1.5873349514563106,2.381708433276223,0.8252427184466019,0.49849999999999994,1.3985000000000003,2.4635
2017,11,DUQ,90.0,1.3654444444444442,2.0533793882646694,0.8888888888888888,0.3641666666666665,1.0616666666666665,1.836666666666667
2017,11,METED,80.0,1.249625,1.484574667721519,0.8625,0.3620000000000001,1.1395,1.8869999999999996
2017,11,PECO,124.0,1.2990806451612897,1.8665119853134018,0.8306451612903226,0.3639999999999992,1.1164999999999985,1.8239999999999994
2017,11,PENELEC,75.0,1.3083,1.5151939459459456,0.88,0.5225,1.1675000000000004,1.7875
2017,11,PPL,113.0,1.3116747787610623,2.391532925094816,0.8584070796460177,0.26225000000000076,1.042250000000001,1.872250000000001
2017,12,APS,105.0,1.4084523809523815,2.3226652380952384,0.819047619047619,0.32950000000000035,1.3295000000000003,2.1395
2017,12,DUQ,81.0,1.4365432098765432,2.198758734567902,0.9012345679012346,0.3966666666666665,1.1066666666666665,2.1166666666666663
2017,12,METED,84.0,0.7363809523809526,1.3058520940906484,0.6904761904761905,-0.1184999999999996,0.6740000000000004,1.299
2017,12,PECO,119.0,1.2455126050420164,1.7903536248397665,0.8319327731092437,0.43400000000000016,0.9839999999999991,1.7889999999999997
2017,12,PENELEC,80.0,0.6903750000000001,1.4095246677215187,0.6875,-0.1645000000000001,0.5979999999999999,1.1504999999999999
2017,12,PPL,104.0,1.368971153846154,1.8783053001306949,0.9230769230769231,0.5045000000000002,1.1395000000000008,1.9069999999999996
2018,1,APS,101.0,1.33900495049505,2.226560752475248,0.8217821782178217,0.2995000000000001,1.2295000000000007,2.0195000000000007
2018,1,DUQ,78.0,1.4244871794871794,2.2352614219114226,0.9102564102564102,0.4016666666666666,0.9366666666666665,2.0166666666666666
2018,1,METED,82.0,0.7130243902439026,1.1835743450767842,0.6829268292682927,-0.1234999999999995,0.5840000000000005,1.2515
2018,1,PECO,100.0,1.3781999999999996,2.0498387474747477,0.87,0.42399999999999993,1.2090000000000005,1.854
2018,1,PENELEC,80.0,0.735375,1.325968971518987,0.725,-0.016999999999999682,0.7480000000000002,1.0505
2018,1,PPL,102.0,1.382294117647059,1.796694343331392,0.9313725490196079,0.5045000000000002,1.1395000000000008,1.9744999999999995
2018,2,APS,92.0,1.0741847826086957,2.1821901935021497,0.7717391304347826,0.08124999999999982,0.8312499999999998,1.7062499999999994
2018,2,DUQ,77.0,1.2301731601731605,2.0937835953520163,0.8961038961038961,0.31666666666666643,0.8266666666666671,1.716666666666666
2018,2,METED,74.0,1.093256756756757,1.5066502961865977,0.8243243243243243,0.26150000000000007,0.9915000000000003,1.4890000000000003
2018,2,PECO,113.0,1.3758628318584065,2.7485600189633375,0.8495575221238938,0.3224999999999998,0.942499999999999,1.6324999999999985
2018,2,PENELEC,75.0,1.0490666666666664,1.1952950630630628,0.7866666666666666,0.22999999999999954,1.0699999999999994,1.5499999999999994
2018,2,PPL,93.0,1.4780215053763446,1.9496593618513325,0.9139784946236559,0.5636666666666672,1.233666666666668,2.0536666666666665
2018,3,APS,95.0,1.1995789473684206,2.0874538633818585,0.8210526315789474,0.2029999999999994,0.8579999999999997,1.8979999999999988
2018,3,DUQ,67.0,1.2847263681592043,2.128103753957485,0.8955223880597015,0.3566666666666669,0.8266666666666671,1.7716666666666674
2018,3,METED,72.0,1.2405277777777777,1.1052497456964008,0.8888888888888888,0.5390000000000004,1.109,1.7314999999999998
2018,3,PECO,91.0,1.4103406593406589,3.0572217826617822,0.8021978021978022,0.19099999999999984,1.0909999999999993,1.7409999999999997
2018,3,PENELEC,66.0,1.3797272727272727,1.3793655244755245,0.9242424242424242,0.49950000000000006,1.3120000000000003,1.9095
2018,3,PPL,87.0,1.2363965517241378,1.925971070569366,0.8620689655172413,0.2995000000000001,0.8144999999999998,1.9044999999999996
2018,4,APS,98.0,1.2841224489795913,1.961669345676415,0.8469387755102041,0.2804999999999993,1.1479999999999997,1.9354999999999989
2018,4,DUQ,73.0,1.3009132420091327,1.9348581050228313,0.9178082191780822,0.666666666666667,0.916666666666667,1.6166666666666663
2018,4,METED,76.0,1.2263684210526318,1.081795649122807,0.8552631578947368,0.5840000000000001,1.1239999999999997,1.609
2018,4,PECO,96.0,1.132270833333333,2.951065778508772,0.7604166666666666,0.010499999999999732,0.7829999999999995,1.475499999999999
2018,4,PENELEC,72.0,1.43825,1.0773167253521125,0.9305555555555556,0.6869999999999998,1.5220000000000002,1.912
2018,4,PPL,94.0,1.162744680851064,1.5939498427133376,0.8617021276595744,0.3545000000000005,0.8645000000000005,1.7045000000000003
2018,5,APS,97.0,1.3142886597938137,2.00835691580756,0.8350515463917526,0.34799999999999986,1.2479999999999993,2.0779999999999994
2018,5,DUQ,72.0,1.3627777777777774,2.0472804381846634,0.9027777777777778,0.6416666666666662,0.9716666666666667,1.6991666666666663
2018,5,METED,76.0,1.2143947368421053,1.0780491754385966,0.8947368421052632,0.599,1.064,1.8090000000000002
2018,5,PECO,100.0,1.3742999999999994,2.716424353535352,0.84,0.3484999999999998,0.9959999999999996,1.7935000000000003
2018,5,PENELEC,71.0,1.348619718309859,1.1023626961770625,0.9295774647887324,0.5169999999999999,1.3120000000000003,1.912
2018,5,PPL,93.0,1.1215591397849463,1.6073239013557736,0.8602150537634409,0.35000000000000053,0.9199999999999999,1.6500000000000004
2018,6,APS,97.0,0.9825618556701033,1.993389454467354,0.7525773195876289,0.0005000000000006111,0.9005000000000001,1.7905000000000006
2018,6,DUQ,72.0,1.385138888888889,2.163536130672926,0.8888888888888888,0.6358333333333333,0.9683333333333337,1.9758333333333336
2018,6,METED,77.0,0.9957532467532466,1.185251161995899,0.8311688311688312,0.3490000000000002,0.7489999999999997,1.5590000000000002
2018,6,PECO,97.0,1.336010309278351,2.8675607603092783,0.7938144329896907,0.2290000000000001,0.9390000000000001,1.7490000000000006
2018,6,PENELEC,73.0,0.995082191780822,1.1673934931506849,0.7671232876712328,0.367,0.9169999999999998,1.5670000000000002
2018,6,PPL,94.0,0.8318404255319146,1.6826959420041177,0.7553191489361702,0.019499999999999407,0.5169999999999995,1.4169999999999998
2018,7,APS,97.0,1.165139175257732,1.9250126288659792,0.8247422680412371,0.10050000000000026,1.1105,2.0004999999999997
2018,7,DUQ,73.0,1.4851141552511418,2.03257595129376,0.9178082191780822,0.6733333333333329,1.173333333333333,1.9733333333333336
2018,7,METED,74.0,1.2046756756756758,1.1382139207700854,0.8783783783783784,0.46399999999999975,1.149,1.649
2018,7,PECO,102.0,1.5343921568627452,2.6082686565715396,0.9019607843137255,0.4215000000000002,1.1140000000000008,1.899000000000001
2018,7,PENELEC,75.0,1.2278000000000002,1.1884777297297295,0.8133333333333334,0.4670000000000005,1.367,1.862
2018,7,PPL,95.0,0.8992631578947364,1.6668908342665172,0.7684210526315789,0.1469999999999998,0.6169999999999991,1.5969999999999995
2018,8,APS,100.0,1.2197000000000002,1.9172417777777775,0.81,0.10050000000000026,1.2805000000000004,2.0254999999999996
2018,8,DUQ,74.0,1.5192792792792793,2.114355942243614,0.918918918918919,0.7258333333333336,1.1533333333333333,2.018333333333334
2018,8,METED,75.0,1.280733333333333,1.1277145225225225,0.8933333333333333,0.5239999999999996,1.2589999999999995,1.6789999999999994
2018,8,PECO,104.0,1.6743653846153845,2.672104098207617,0.9230769230769231,0.5984999999999998,1.310999999999999,2.0734999999999992
2018,8,PENELEC,74.0,1.254702702702703,1.1601987597186227,0.8378378378378378,0.49200000000000044,1.367,1.8395000000000001
2018,8,PPL,96.0,0.9688229166666661,1.7508232209429822,0.78125,0.03449999999999975,0.8669999999999991,1.616999999999999
2018,9,APS,94.0,1.6904680851063831,2.176054552733928,0.8723404255319149,0.6610000000000005,1.7160000000000002,2.4585000000000004
2018,9,DUQ,70.0,1.6144761904761904,2.1261030227743283,0.9285714285714286,0.7733333333333325,1.2683333333333326,2.040833333333334
2018,9,METED,75.0,1.6085333333333336,1.076349981981982,0.92,0.9520000000000004,1.5820000000000007,2.072
2018,9,PECO,101.0,1.8578514851485148,2.7659212277227714,0.9306930693069307,0.8029999999999999,1.6829999999999998,2.2329999999999988
2018,9,PENELEC,74.0,1.56672972972973,1.111756775268419,0.9054054054054054,0.9870000000000001,1.6219999999999999,2.207
2018,9,PPL,96.0,1.0348437500000003,1.70045734375,0.8020833333333334,0.21750000000000025,0.9175000000000004,1.6174999999999997
2018,10,APS,93.0,1.8001397849462366,3.1224166432912566,0.8602150537634409,0.5610000000000008,1.6610000000000005,2.5709999999999997
2018,10,DUQ,69.0,2.2600000000000002,2.7051401960784305,0.9420289855072463,1.3133333333333335,2.0233333333333343,2.753333333333333
2018,10,METED,75.0,1.8458666666666674,2.0270672792792794,0.92,0.9720000000000004,1.7520000000000007,2.3920000000000003
2018,10,PECO,103.0,2.046883495145631,2.9937769274700172,0.9320388349514563,1.0429999999999997,1.7829999999999995,2.437999999999999
2018,10,PENELEC,72.0,1.8314444444444444,2.33140813771518,0.9027777777777778,0.9569999999999999,1.7720000000000002,2.4919999999999995
2018,10,PPL,95.0,1.2211578947368424,2.289845985442329,0.8105263157894737,0.23500000000000032,1.1550000000000011,1.7349999999999994
2018,11,APS,96.0,1.9021458333333339,2.970393410087719,0.875,0.8285000000000007,1.8160000000000007,2.5934999999999997
2018,11,DUQ,71.0,2.2085446009389678,2.684159597585513,0.9436619718309859,1.288333333333334,1.873333333333334,2.613333333333334
2018,11,METED,72.0,1.810888888888889,2.0153987480438182,0.9166666666666666,1.0645000000000002,1.7170000000000005,2.344500000000001
2018,11,PECO,106.0,2.0349811320754716,2.903063656783467,0.9339622641509434,1.0554999999999999,1.7829999999999995,2.460499999999999
2018,11,PENELEC,74.0,1.6744324324324324,2.1520241392077013,0.8918918918918919,0.9495000000000002,1.6219999999999999,2.1994999999999996
2018,11,PPL,90.0,1.4426111111111108,2.3295954088639195,0.8555555555555555,0.49599999999999933,1.186,1.9059999999999988
2018,12,APS,94.0,1.2339787234042545,2.763842107069321,0.776595744680851,0.41849999999999943,1.0559999999999992,1.9259999999999997
2018,12,DUQ,75.0,2.4450666666666665,2.839349657657658,0.9466666666666667,1.3133333333333326,2.2833333333333323,3.288333333333333
2018,12,METED,79.0,1.6123291139240503,2.1183209672184353,0.8860759493670886,0.8109999999999999,1.4159999999999995,2.271
2018,12,PECO,99.0,2.1782424242424243,2.993475695732839,0.9393939393939394,1.2189999999999994,1.9239999999999995,2.734
2018,12,PENELEC,75.0,1.7074666666666662,2.3163034954954957,0.88,0.907,1.6419999999999995,2.207
2018,12,PPL,94.0,1.6042978723404262,2.104995324296499,0.8829787234042553,0.7185000000000006,1.5435000000000008,2.038500000000001
2019,1,APS,95.0,1.2247368421052625,2.72008562150056,0.7894736842105263,0.30599999999999916,1.0559999999999992,1.9059999999999997
2019,1,DUQ,68.0,2.4495098039215684,2.7760179982440745,0.9411764705882353,1.3908333333333336,2.1433333333333326,3.3133333333333335
2019,1,METED,74.0,1.5672162162162162,2.2569012402813766,0.8783783783783784,0.806,1.306,2.1135
2019,1,PECO,99.0,2.2397575757575754,3.121324675324674,0.9494949494949495,1.1439999999999997,1.863999999999999,2.8089999999999993
2019,1,PENELEC,73.0,1.6863150684931505,2.201732857686453,0.8904109589041096,0.9020000000000001,1.6019999999999994,2.202
2019,1,PPL,91.0,1.7247307692307692,2.3633550683760687,0.8791208791208791,0.7285000000000004,1.5485000000000007,2.1385000000000005
2019,2,APS,87.0,1.0362298850574707,2.320372039561615,0.7011494252873564,-0.11400000000000032,0.9559999999999995,1.8609999999999998
2019,2,DUQ,65.0,1.8805641025641024,1.7630422115384614,0.9230769230769231,1.1933333333333325,1.6533333333333333,2.543333333333334
2019,2,METED,69.0,1.1662898550724636,1.3975322676896846,0.855072463768116,0.30600000000000005,0.9159999999999995,2.0059999999999993
2019,2,PECO,95.0,1.8879736842105268,2.968540358342665,0.8947368421052632,0.8515000000000001,1.6265,2.5815
2019,2,PENELEC,63.0,1.3546190476190474,1.4116047235023041,0.8571428571428571,0.5769999999999995,1.3719999999999999,2.0520000000000005
2019,2,PPL,85.0,1.3821117647058825,2.124430240336134,0.8470588235294118,0.49849999999999994,1.1485000000000003,1.9284999999999997
2019,3,APS,84.0,1.6075952380952379,2.113345424555364,0.8690476190476191,0.5369999999999999,1.6369999999999996,2.1945
2019,3,DUQ,63.0,1.6380952380952378,1.6010188940092165,0.9047619047619048,1.038333333333333,1.4333333333333327,2.2833333333333323
2019,3,METED,65.0,1.3980769230769232,1.2058397596153845,0.9076923076923077,0.6590000000000007,1.149,2.0489999999999995
2019,3,PECO,91.0,1.5790549450549451,2.919483052503052,0.8571428571428571,0.43400000000000016,1.1940000000000008,2.1339999999999995
2019,3,PENELEC,59.0,1.6830000000000003,1.1695931034482758,0.9491525423728814,0.948,1.6829999999999998,2.298
2019,3,PPL,80.0,1.8512124999999997,2.1974599036392397,0.9625,0.9465000000000003,1.6465000000000005,2.4464999999999995
2019,4,APS,83.0,1.5951927710843374,2.1911613282397884,0.8674698795180723,0.4820000000000002,1.657,2.242
2019,4,DUQ,64.0,1.558645833333333,1.650955456349206,0.890625,0.918333333333333,1.3633333333333333,2.2008333333333328
2019,4,METED,64.0,1.3093125000000003,1.3819967261904758,0.84375,0.44900000000000073,1.1340000000000003,2.0489999999999995
2019,4,PECO,91.0,1.5587362637362636,2.507863663003663,0.8681318681318682,0.3599999999999999,1.1849999999999996,2.1799999999999997
2019,4,PENELEC,60.0,1.6225,1.1968251694915248,0.95,0.843,1.573,2.2455000000000003
2019,4,PPL,79.0,1.8481075949367092,2.12628211327491,0.9493670886075949,0.9415,1.6465000000000005,2.4464999999999995
2019,6,APS,84.0,1.7967142857142857,2.3452003872633385,0.9166666666666666,0.6110000000000002,1.8585000000000003,2.5135000000000005
2019,6,DUQ,64.0,1.3574479166666664,1.7319057291666664,0.875,0.5791666666666666,1.126666666666666,1.8741666666666665
2019,6,METED,63.0,1.8665079365079362,1.6986553507424473,0.9682539682539683,1.0299999999999998,1.3600000000000003,2.749999999999999
2019,6,PECO,88.0,1.52275,2.941127155172413,0.8409090909090909,0.17900000000000071,1.2690000000000001,2.3665
2019,6,PENELEC,58.0,1.6107931034482754,1.4293722020568662,0.9310344827586207,0.8320000000000001,1.4219999999999997,2.322
2019,6,PPL,85.0,1.409582352941176,2.206766005042016,0.8470588235294118,0.37349999999999905,1.0534999999999997,2.173499999999999
2019,7,APS,81.0,1.6835000000000002,2.6391374999999995,0.8641975308641975,0.29349999999999987,1.6835000000000004,2.5135000000000005
2019,7,DUQ,62.0,1.1944086021505376,1.9741030142781595,0.8548387096774194,0.22916666666666652,0.8666666666666663,1.836666666666667
2019,7,METED,64.0,1.7128124999999996,1.9318427579365076,0.90625,0.6975000000000002,1.275,2.749999999999999
2019,7,PECO,88.0,1.4944545454545457,3.509498641588296,0.7840909090909091,0.11650000000000049,1.2190000000000003,2.609000000000001
2019,7,PENELEC,59.0,1.430135593220339,1.6511395675043832,0.864406779661017,0.6269999999999998,1.032,2.322
2019,7,PPL,82.0,1.4798048780487798,2.383573449111713,0.8414634146341463,0.30099999999999905,1.123499999999999,2.2409999999999988
2019,8,APS,82.0,1.4737439024390244,2.693323396567299,0.8536585365853658,0.10350000000000037,1.2535000000000003,2.3784999999999994
2019,8,DUQ,63.0,1.051111111111111,1.749605734767025,0.873015873015873,0.18166666666666664,0.7266666666666666,1.7266666666666657
2019,8,METED,64.0,1.56453125,1.8009902529761903,0.90625,0.6675,1.125,2.135
2019,8,PECO,97.0,1.2024690721649485,3.3538655927835053,0.7216494845360825,-0.016499999999999737,0.5834999999999999,2.1835000000000004
2019,8,PENELEC,59.0,1.2264067796610167,1.6505974868497952,0.8305084745762712,0.32200000000000006,0.9119999999999999,2.032
2019,8,PPL,81.0,1.324549382716049,2.5432041975308635,0.8395061728395061,0.293499999999999,0.7734999999999994,1.9834999999999994
2019,9,APS,84.0,1.5832380952380958,2.6620490390131955,0.8928571428571429,0.3055000000000003,1.4105000000000008,2.4305
2019,9,DUQ,64.0,1.1101041666666664,1.7535435515873015,0.84375,0.22166666666666646,0.8216666666666663,1.826666666666667
2019,9,METED,66.0,1.4887575757575762,1.6661971095571095,0.9242424242424242,0.7229999999999999,1.178,1.9329999999999998
2019,9,PECO,98.0,1.2622857142857142,3.080047422680412,0.7857142857142857,0.0680000000000005,0.6680000000000001,2.1355000000000004
2019,9,PENELEC,55.0,1.7230909090909088,1.7512728619528615,0.9272727272727272,0.8919999999999999,1.4019999999999992,2.502
2019,9,PPL,81.0,1.3728148148148154,2.4278940277777776,0.8518518518518519,0.3280000000000003,0.9330000000000007,1.9830000000000005
2019,10,APS,82.0,1.588914634146342,2.6841832580548024,0.8902439024390244,0.3055000000000003,1.4055000000000009,2.4804999999999997
2019,10,DUQ,63.0,1.1023809523809525,1.7277248847926263,0.8571428571428571,0.3216666666666663,0.8266666666666662,1.7766666666666664
2019,10,METED,63.0,1.5558571428571435,1.6820626728110593,0.9206349206349206,0.7280000000000002,1.2430000000000003,2.1330000000000005
2019,10,PECO,95.0,1.336421052631579,3.0499900335946246,0.8631578947368421,0.15800000000000036,0.7679999999999998,2.173
2019,10,PENELEC,56.0,1.7648571428571425,1.6941189610389609,0.9464285714285714,0.9694999999999998,1.5419999999999998,2.502
2019,10,PPL,82.0,1.3642926829268285,2.4411181910569097,0.8414634146341463,0.3297499999999991,1.0134999999999996,1.9809999999999994
2019,11,APS,83.0,1.1972801204819277,2.5708435204231557,0.7349397590361446,-0.03524999999999956,1.0147500000000003,2.0147499999999994
2019,11,DUQ,60.0,1.372666666666666,1.6485142372881354,0.9166666666666666,0.589166666666666,1.0966666666666658,1.9816666666666665
2019,11,METED,62.0,1.2737580645161293,1.5758866208355369,0.8709677419354839,0.5865000000000002,1.1065,1.8090000000000004
2019,11,PECO,99.0,1.4823434343434347,2.8415125747268597,0.9090909090909091,0.3330000000000002,0.9580000000000002,2.1580000000000004
2019,11,PENELEC,54.0,1.235907407407407,1.6825780573025857,0.8333333333333334,0.4784999999999995,1.1284999999999998,1.8784999999999998
2019,11,PPL,82.0,1.2396138211382113,2.232773957392352,0.8292682926829268,0.18083333333333362,0.8433333333333337,1.7758333333333334
2019,12,APS,84.0,0.8625714285714283,2.443776247848537,0.6547619047619048,-0.4085000000000001,0.8089999999999997,1.6239999999999988
2019,12,DUQ,66.0,1.3992424242424246,1.5819609557109555,0.9393939393939394,0.6641666666666672,1.016666666666667,1.7366666666666672
2019,12,METED,63.0,0.9514285714285716,1.438583410138249,0.8253968253968254,0.1800000000000006,0.5899999999999999,1.4850000000000003
2019,12,PECO,98.0,1.5960612244897958,2.9136441405428144,0.8979591836734694,0.3604999999999998,1.1529999999999996,2.253
2019,12,PENELEC,58.0,0.6801724137931032,1.4821833030852993,0.7068965517241379,-0.2450000000000001,0.54,1.255
2019,12,PPL,86.0,1.5993720930232558,2.198975995212039,0.9302325581395349,0.4747499999999998,1.2435,2.161
2020,1,APS,83.0,0.6016385542168672,2.2999761848369085,0.6144578313253012,-0.6760000000000002,0.5139999999999993,1.2289999999999996
2020,1,DUQ,66.0,1.2063484848484851,1.5432476664335661,0.9090909090909091,0.3466666666666667,0.831666666666667,1.6441666666666674
2020,1,METED,61.0,0.7739344262295084,1.4007515622950821,0.7868852459016393,0.08000000000000007,0.4800000000000004,1.37
2020,1,PECO,96.0,1.4556874999999998,3.109092638157895,0.8645833333333334,0.2254999999999998,1.0579999999999998,2.1630000000000003
2020,1,PENELEC,58.0,0.47231034482758594,1.3114601826981245,0.6724137931034483,-0.2450000000000001,0.2749999999999999,1.0274999999999996
2020,1,PPL,83.0,1.465680722891566,2.44408312547752,0.9036144578313253,0.43349999999999955,0.9634999999999998,2.1085000000000003
2020,2,APS,85.0,0.7830764705882349,2.3198270327731096,0.6235294117647059,-0.4744999999999999,0.7124999999999995,1.4754999999999994
2020,2,DUQ,68.0,1.1747401960784314,1.6440013825724318,0.8970588235294118,0.2516666666666669,0.7416666666666671,1.6691666666666674
2020,2,METED,62.0,1.2311290322580652,1.514850147012163,0.8870967741935484,0.5347500000000005,0.8700000000000006,1.9100000000000006
2020,2,PECO,98.0,1.418877551020408,3.2015517786661047,0.8163265306122449,0.22649999999999948,1.044,2.234
2020,2,PENELEC,59.0,0.9074322033898303,1.3744387884278197,0.847457627118644,0.24549999999999983,0.6654999999999998,1.5204999999999997
2020,2,PPL,86.0,1.335255813953488,2.6064200690834474,0.8604651162790697,0.246,0.7484999999999999,2.0635000000000003
2020,3,APS,81.0,1.1360000000000001,2.487971575,0.7407407407407407,-0.011999999999999567,1.138,1.6479999999999997
2020,3,DUQ,67.0,0.918756218905473,1.9030652645861605,0.746268656716418,-0.023333333333332984,0.4366666666666674,1.541666666666667
2020,3,METED,65.0,1.6080461538461543,1.6748834509615385,0.8923076923076924,0.8500000000000005,1.3500000000000005,2.21
2020,3,PECO,93.0,1.447903225806452,3.489651262272089,0.8172043010752689,0.29499999999999993,0.8950000000000005,2.3050000000000006
2020,3,PENELEC,62.0,1.346661290322581,1.3971890801163405,0.9193548387096774,0.6710000000000003,1.1509999999999998,1.8685
2020,3,PPL,83.0,1.1824518072289156,2.6248480952101083,0.8072289156626506,0.1485000000000003,0.6535000000000002,2.0635000000000003
2020,4,APS,79.0,0.9782278481012658,2.4597795628042842,0.6835443037974683,-0.06200000000000028,0.8380000000000001,1.5830000000000002
2020,4,DUQ,65.0,0.8686666666666669,1.6989475,0.7692307692307693,0.06666666666666732,0.4366666666666674,1.496666666666667
2020,4,METED,63.0,1.4521111111111116,1.7918430358422937,0.8571428571428571,0.7500000000000004,1.2000000000000002,2.0850000000000004
2020,4,PECO,91.0,1.3937912087912088,3.6657907448107454,0.7912087912087912,0.2100000000000004,0.9950000000000001,2.3050000000000006
2020,4,PENELEC,58.0,1.2270517241379313,1.4079848569267999,0.896551724137931,0.49600000000000044,1.0315000000000003,1.686
2020,4,PPL,80.0,1.1661625,2.5654808593354432,0.8,0.14850000000000008,0.6535000000000002,2.0635000000000003
2020,5,APS,84.0,1.0645238095238096,2.3859765656913368,0.7023809523809523,-0.06200000000000028,1.033,1.573
2020,5,DUQ,70.0,0.9468095238095241,1.8078565010351966,0.7714285714285715,0.04166666666666696,0.516666666666667,1.5441666666666674
2020,5,METED,68.0,1.6497500000000003,1.5530305186567166,0.9117647058823529,0.9975,1.3700000000000006,2.2325
2020,5,PECO,99.0,1.3980303030303036,3.322876437847867,0.8282828282828283,0.29000000000000004,0.8950000000000005,2.3050000000000006
2020,5,PENELEC,62.0,1.3913387096774195,1.3729871129032258,0.9193548387096774,0.6935,1.1509999999999998,1.9609999999999999
2020,5,PPL,84.0,1.2080595238095237,2.559870707257602,0.8214285714285714,0.1535000000000002,0.6585000000000001,2.0635000000000003
2020,7,APS,75.0,1.0386999999999995,2.421843675675676,0.6933333333333334,-0.014500000000000846,0.6854999999999993,1.8854999999999995
2020,7,DUQ,67.0,1.0813432835820902,1.6135269561284484,0.835820895522388,0.27000000000000046,0.7600000000000007,1.6550000000000002
2020,7,METED,59.0,1.5266271186440683,1.553494272355348,0.8983050847457628,0.7340000000000004,1.3890000000000002,2.0390000000000006
2020,7,PECO,83.0,1.6169277108433733,3.7449157508081115,0.7951807228915663,0.31999999999999984,1.1849999999999996,2.495
2020,7,PENELEC,57.0,1.1450175438596493,1.227960588972431,0.8245614035087719,0.41800000000000015,1.0780000000000003,1.758
2020,7,PPL,85.0,1.0121117647058828,2.5944406689075628,0.7176470588235294,-0.05749999999999922,0.5525000000000002,1.7725000000000009
2020,8,APS,84.0,1.0645238095238096,2.3859765656913368,0.7023809523809523,-0.06200000000000028,1.033,1.573
2020,8,DUQ,70.0,0.9468095238095241,1.8078565010351966,0.7714285714285715,0.04166666666666696,0.516666666666667,1.5441666666666674
2020,8,METED,68.0,1.6497500000000003,1.5530305186567166,0.9117647058823529,0.9975,1.3700000000000006,2.2325
2020,8,PECO,99.0,1.3980303030303036,3.322876437847867,0.8282828282828283,0.29000000000000004,0.8950000000000005,2.3050000000000006
2020,8,PENELEC,62.0,1.3913387096774195,1.3729871129032258,0.9193548387096774,0.6935,1.1509999999999998,1.9609999999999999
2020,8,PPL,84.0,1.2080595238095237,2.559870707257602,0.8214285714285714,0.1535000000000002,0.6585000000000001,2.0635000000000003
2020,9,APS,75.0,4.490973333333333,2.5097828371171165,1.0,3.3160000000000003,4.321,5.221
2020,9,DUQ,61.0,0.7832786885245899,1.7707590710382515,0.7377049180327869,-0.010000000000000675,0.5299999999999994,1.38
2020,9,METED,62.0,1.2866612903225811,1.6044425883130622,0.8870967741935484,0.5300000000000002,1.1650000000000005,1.7150000000000003
2020,9,PECO,81.0,4.661740740740742,3.8366394444444447,1.0,3.5410000000000004,4.121,5.621
2020,9,PENELEC,56.0,6.287732142857143,1.4556556542207788,1.0,5.457,6.192,6.797
2020,9,PPL,84.0,4.2186071428571426,2.541494723321859,1.0,3.15625,3.8375,4.8525
2020,10,APS,73.0,4.541383561643836,2.5008280452815828,1.0,3.321,4.420999999999999,5.231
2020,10,DUQ,59.0,0.8310169491525419,1.7746782583284628,0.7457627118644068,0.0349999999999997,0.5099999999999998,1.3849999999999998
2020,10,METED,61.0,1.3815245901639346,1.5074134535519126,0.9016393442622951,0.7300000000000004,1.2300000000000004,1.7300000000000004
2020,10,PECO,79.0,4.542772151898735,3.357476306394027,1.0,3.5310000000000006,4.121,5.531000000000001
2020,10,PENELEC,57.0,6.347280701754387,1.3646462769423555,1.0,5.5920000000000005,6.312,6.792
2020,10,PPL,78.0,4.162282051282051,2.2266076791541787,1.0,3.2424999999999997,3.8074999999999997,4.765
2020,11,APS,79.0,1.6685696202531644,2.453213889321649,0.8987341772151899,0.47099999999999964,1.5619999999999994,2.520999999999999
2020,11,DUQ,61.0,0.9114754098360651,1.6545727868852458,0.7704918032786885,0.08000000000000007,0.7399999999999993,1.38
2020,11,METED,60.0,1.4677166666666668,1.5341050200564974,0.9,0.875,1.33,1.7725
2020,11,PECO,82.0,1.6856341463414635,2.9266646793134594,0.9024390243902439,0.6210000000000004,1.3910000000000005,2.5310000000000006
2020,11,PENELEC,59.0,1.4371016949152542,1.415359748100526,0.8983050847457628,0.7469999999999999,1.3920000000000003,1.972
2020,11,PPL,75.0,1.2048400000000001,2.137992712792793,0.8666666666666667,0.2301666666666664,0.8426666666666671,1.807666666666667
2020,12,APS,81.0,1.508660493827161,2.5555726614197534,0.8148148148148148,0.17350000000000065,1.4135000000000009,2.4734999999999996
2020,12,DUQ,58.0,1.4665517241379318,1.8148194797338173,0.8793103448275862,0.8000000000000009,1.3700000000000006,1.9575000000000005
2020,12,METED,60.0,1.1098833333333333,1.5130797997175143,0.8166666666666667,0.4400000000000004,1.0300000000000002,1.645
2020,12,PECO,76.0,1.632684210526316,3.1712169122807015,0.8552631578947368,0.5515000000000001,1.2890000000000001,2.474
2020,12,PENELEC,59.0,1.4070847457627118,1.4398540789012273,0.8813559322033898,0.6779999999999999,1.423,1.9730000000000003
2020,12,PPL,74.0,1.3054099099099097,2.661880248241392,0.8513513513513513,0.17766666666666642,0.8626666666666667,1.830166666666667
2021,1,APS,75.0,1.4528066666666672,2.7337545127927925,0.7866666666666666,0.10350000000000081,1.4145000000000003,2.4734999999999996
2021,1,DUQ,59.0,1.3779661016949156,1.8354268264172997,0.864406779661017,0.4900000000000002,1.2400000000000002,1.790000000000001
2021,1,METED,60.0,1.07105,1.528643777118644,0.8166666666666667,0.31825000000000014,0.9750000000000001,1.5525000000000002
2021,1,PECO,71.0,1.5027323943661968,3.157931227364185,0.8450704225352113,0.46899999999999986,0.984,2.474
2021,1,PENELEC,51.0,1.4416470588235295,1.6117649529411764,0.8823529411764706,0.5230000000000006,1.5230000000000006,2.123
2021,1,PPL,79.0,1.2174303797468353,2.3839501713729305,0.8481012658227848,0.23599999999999977,0.8259999999999996,1.7960000000000003
2021,2,APS,75.0,1.4885400000000006,2.7602484443243243,0.8,0.12850000000000072,1.4735000000000005,2.5035
2021,2,DUQ,60.0,1.4443333333333337,1.7265131073446327,0.8666666666666667,0.8125000000000007,1.3800000000000008,1.790000000000001
2021,2,METED,62.0,1.181016129032258,1.4778315571126386,0.8387096774193549,0.4774999999999998,1.165,1.7750000000000001
2021,2,PECO,73.0,1.505780821917808,3.0749509512937596,0.8356164383561644,0.4740000000000002,1.0439999999999996,2.474
2021,2,PENELEC,58.0,1.534741379310345,1.5323523705384148,0.8793103448275862,0.6555,1.5730000000000004,2.3155
2021,2,PPL,79.0,1.2365443037974686,2.366610661473547,0.8481012658227848,0.20599999999999996,0.8360000000000003,1.7409999999999997
2021,3,APS,77.0,6.9459805194805195,2.705789173957621,1.0,5.6625,6.9525,7.952500000000001
2021,3,DUQ,60.0,1.5233333333333339,1.712622598870057,0.8666666666666667,0.9800000000000004,1.5300000000000011,1.9125000000000005
2021,3,METED,61.0,1.9794262295081968,1.6081114153005462,0.9508196721311475,1.2720000000000002,1.9619999999999997,2.662
2021,3,PECO,72.0,4.709388888888889,3.074952973395931,1.0,3.7005,4.247999999999999,5.633
2021,3,PENELEC,58.0,6.344534482758621,1.6885621830006048,1.0,5.41925,6.309,7.214
2021,3,PPL,76.0,8.20098684210526,2.330960759824561,1.0,7.23575,7.807,8.6195
2021,4,APS,66.0,7.078530303030303,2.482297383682984,1.0,5.985,6.9575,7.952500000000001
2021,4,DUQ,49.0,1.6342857142857146,1.8703916666666665,0.8775510204081632,0.9800000000000004,1.6799999999999997,2.1799999999999997
2021,4,METED,53.0,1.9784716981132076,1.4677178693759072,0.9433962264150944,1.2720000000000002,2.0220000000000002,2.752
2021,4,PECO,61.0,4.716770491803279,3.90299387978142,1.0,3.4829999999999997,4.223,5.223
2021,4,PENELEC,49.0,6.434122448979592,1.7481053180272106,1.0,5.509,6.309,7.279
2021,4,PPL,61.0,8.158688524590165,2.293624684699453,1.0,7.272,7.682,8.572
2021,5,APS,59.0,7.245686440677966,2.539119154295734,1.0,6.1525,7.1625,8.302499999999998
2021,5,DUQ,46.0,1.731521739130435,2.0027598550724637,0.8695652173913043,1.0300000000000005,1.7950000000000008,2.4550000000000005
2021,5,METED,50.0,2.13566,1.5306269228571427,0.94,1.3995,2.1719999999999997,2.9645
2021,5,PECO,59.0,4.7716440677966085,3.6130498538866167,1.0,3.7079999999999997,4.423,5.173
2021,5,PENELEC,46.0,6.543152173913044,1.8465539541062803,1.0,5.534000000000001,6.459,7.524
2021,5,PPL,55.0,8.269236363636363,2.1896790727272717,1.0,7.422000000000001,8.112,8.717
2021,6,APS,68.0,1.329411764705882,2.5150432607550477,0.8235294117647058,0.2889999999999995,0.9439999999999995,2.4565
2021,6,DUQ,48.0,1.67125,1.9912338652482267,0.875,0.9816666666666667,1.7016666666666662,2.3066666666666658
2021,6,METED,51.0,1.1357450980392152,1.48265971372549,0.8235294117647058,0.44999999999999973,1.1999999999999993,1.9499999999999993
2021,6,PECO,60.0,1.787833333333333,3.6827474293785314,0.85,0.7380000000000002,1.358,2.4404999999999992
2021,6,PENELEC,49.0,1.1912857142857147,1.8416715000000001,0.7755102040816326,0.1280000000000001,1.1280000000000001,2.3480000000000008
2021,6,PPL,61.0,2.11772131147541,2.413382837704917,0.9836065573770492,1.1530000000000005,1.8529999999999998,2.623000000000001
2021,7,APS,69.0,7.433173913043476,2.4676133516624033,1.0,6.439,6.949000000000001,8.539
2021,7,DUQ,49.0,1.9085034013605442,2.1038236394557823,0.8775510204081632,1.206666666666666,2.1066666666666665,2.6766666666666667
2021,7,METED,50.0,1.5512599999999994,2.2351259106122447,0.84,0.7024999999999995,1.3549999999999995,2.977499999999999
2021,7,PECO,60.0,4.886666666666667,3.4152795480225984,1.0,3.9555,4.4879999999999995,5.5905000000000005
2021,7,PENELEC,50.0,7.3322199999999995,1.8341487873469389,1.0,6.1855,7.328,8.345500000000001
2021,7,PPL,62.0,5.294580645161291,2.291344181914331,1.0,4.453000000000001,5.183000000000001,5.868
2021,8,APS,73.0,7.49417808219178,2.941440176179603,1.0,6.539000000000001,7.149,8.539
2021,8,DUQ,55.0,9.020969696969697,2.854070235690236,1.0,7.923333333333333,8.873333333333333,10.648333333333333
2021,8,METED,57.0,1.8425087719298243,2.5543169686716793,0.8596491228070176,0.7999999999999998,2.0599999999999996,3.2399999999999993
2021,8,PECO,64.0,5.226437499999999,3.4369086309523813,1.0,4.185499999999999,4.643,6.588
2021,8,PENELEC,56.0,7.725517857142857,2.9656388360389614,1.0,6.3005,7.578,9.283000000000001
2021,8,PPL,65.0,5.628507692307693,3.029157785096154,1.0,4.353,5.363000000000001,7.053000000000001
2021,9,APS,57.0,2.7925438596491223,2.8542152882205514,0.9473684210526315,1.501666666666666,2.9916666666666663,3.6916666666666655
2021,9,DUQ,43.0,2.9755038759689922,2.0292724252491694,0.9767441860465116,2.256666666666666,2.8066666666666658,4.0616666666666665
2021,9,METED,47.0,2.089829787234043,1.8824763182238669,0.8723404255319149,1.2359999999999998,2.3359999999999994,3.0309999999999997
2021,9,PECO,53.0,2.2111132075471693,2.622277140783745,0.9245283018867925,1.303,1.8929999999999998,3.102999999999999
2021,9,PENELEC,48.0,2.1596249999999997,2.422031515957447,0.8958333333333334,1.1064999999999996,2.234,3.254
2021,9,PPL,55.0,3.284454545454546,2.621438585858585,0.9818181818181818,2.223,3.553000000000001,4.398000000000001
2021,10,APS,44.0,6.682590909090909,3.952832293868922,1.0,5.1935,6.671,7.663500000000001
2021,10,DUQ,37.0,9.91063063063063,2.5820591591591597,1.0,9.073333333333334,9.783333333333333,11.433333333333334
2021,10,METED,41.0,3.1952682926829277,3.200956951219512,0.9024390243902439,2.186000000000001,3.3760000000000003,4.2860000000000005
2021,10,PECO,46.0,6.034304347826087,3.6818738164251217,1.0,4.992999999999999,5.923,7.017999999999999
2021,10,PENELEC,37.0,3.4535945945945947,3.138625525525526,0.9459459459459459,2.1390000000000002,3.5889999999999995,4.608999999999999
2021,10,PPL,51.0,4.30378431372549,3.6813833725490186,1.0,2.953000000000001,4.553000000000001,5.638000000000001
2021,11,APS,43.0,3.838558139534884,3.7899623477297903,0.9767441860465116,2.521,3.7760000000000007,4.8709999999999996
2021,11,DUQ,42.0,3.6228571428571428,2.793502206736353,0.9761904761904762,2.7616666666666663,3.536666666666667,4.704166666666667
2021,11,METED,40.0,3.79075,2.850733269230769,0.95,3.1259999999999994,3.7460000000000004,4.8535
2021,11,PECO,47.0,3.5829999999999997,4.502508695652172,0.9787234042553191,2.473,3.092999999999999,4.298
2021,11,PENELEC,37.0,3.819810810810811,2.680507657657658,0.972972972972973,2.989,3.739,4.819
2021,11,PPL,49.0,4.195462585034013,3.965722874149659,0.9591836734693877,3.235666666666666,3.9356666666666653,5.135666666666666
2021,12,APS,41.0,3.5603536585365854,3.396669878048781,1.0,2.4444999999999997,3.3545,4.3545
2021,12,DUQ,44.0,3.1439393939393936,2.698764482029598,0.9772727272727273,2.136666666666666,2.8866666666666667,3.954166666666666
2021,12,METED,41.0,3.9508780487804884,4.549825609756098,1.0,2.796000000000001,3.4860000000000007,4.596
2021,12,PECO,46.0,3.4131304347826084,9.811015893719805,0.9782608695652174,1.424,2.474,3.9465000000000003
2021,12,PENELEC,35.0,4.844714285714287,7.559585210084034,1.0,3.2329999999999997,3.963000000000001,5.853000000000001
2021,12,PPL,51.0,2.460813725490195,6.549625019607842,0.9215686274509803,1.3664999999999994,1.9364999999999988,3.126499999999999
2022,1,APS,45.0,6.537833333333333,3.125390909090909,1.0,5.044499999999999,6.4544999999999995,7.6545000000000005
2022,1,DUQ,47.0,9.660921985815603,2.9218467160037007,1.0,8.731666666666667,9.256666666666668,10.801666666666666
2022,1,METED,44.0,3.406227272727273,4.499588319238901,1.0,1.9760000000000009,3.0260000000000007,4.1085
2022,1,PECO,53.0,6.578811320754717,10.179290348330913,1.0,4.768999999999999,5.5089999999999995,7.469
2022,1,PENELEC,40.0,4.25175,7.647698397435898,1.0,2.3655000000000004,3.6580000000000004,5.063
2022,1,PPL,56.0,2.4900357142857135,5.996748798701297,0.9821428571428571,1.1919999999999988,1.9669999999999996,2.9794999999999994
2022,2,APS,44.0,6.535409090909092,2.219757293868922,1.0,5.294499999999999,6.594499999999999,7.422000000000001
2022,2,DUQ,43.0,9.592480620155039,2.1716153931339988,1.0,8.736666666666668,9.636666666666667,10.711666666666666
2022,2,METED,44.0,3.112136363636364,1.2820847251585623,1.0,2.3259999999999996,3.0810000000000004,3.9259999999999997
2022,2,PECO,55.0,6.0560909090909085,5.190261750841748,1.0,4.9190000000000005,5.529000000000001,6.894
2022,2,PENELEC,37.0,3.6548918918918916,2.0576990990990995,1.0,2.583,3.583,4.673
2022,2,PPL,55.0,2.5124545454545446,3.5011289562289556,1.0,1.2169999999999987,2.3169999999999984,3.546999999999999
2022,3,APS,49.0,3.7555000000000005,2.2879958333333335,1.0,2.7155000000000005,3.6255000000000006,4.615500000000001
2022,3,DUQ,42.0,3.238571428571428,1.766762137049942,0.9761904761904762,2.559166666666666,3.421666666666667,3.9441666666666664
2022,3,METED,43.0,4.345674418604651,2.073723034330011,1.0,3.6080000000000005,4.328,5.208
2022,3,PECO,49.0,3.045632653061224,3.3501222789115643,0.9795918367346939,2.1239999999999997,2.7239999999999993,3.6239999999999997
2022,3,PENELEC,40.0,4.45,2.1334317948717954,1.0,3.465499999999999,4.533,5.4855
2022,3,PPL,52.0,3.012615384615384,2.4866155354449475,0.9807692307692307,2.1005,3.003,3.9729999999999994
2022,5,APS,46.0,6.167891304347828,7.599489710144927,0.9782608695652174,4.550500000000001,5.615500000000001,7.540500000000001
2022,5,DUQ,39.0,6.866410256410254,8.70587624831309,0.9743589743589743,4.736666666666666,6.9366666666666665,9.081666666666665
2022,5,METED,39.0,7.691589743589743,6.6498499325236144,1.0,5.957999999999999,7.408,9.508
2022,5,PECO,46.0,6.3648695652173926,7.31479033816425,0.9782608695652174,4.4815000000000005,6.374,8.024000000000001
2022,5,PENELEC,36.0,8.037444444444445,7.520302539682541,1.0,6.0329999999999995,7.707999999999999,9.9455
2022,5,PPL,47.0,6.352148936170211,6.570125346901019,0.9787234042553191,4.593,6.493,7.892999999999999
2022,6,APS,45.0,4.821555555555554,4.340255252525251,1.0,3.153999999999998,4.443999999999999,6.243999999999998
2022,6,DUQ,38.0,6.9608771929824576,8.513133143669986,0.9736842105263158,4.676666666666667,7.716666666666669,9.201666666666668
2022,6,METED,37.0,7.066432432432433,7.019207807807808,1.0,5.254,7.154,9.384
2022,6,PECO,45.0,6.392666666666669,8.05078909090909,0.9777777777777777,4.1080000000000005,6.9079999999999995,7.948
2022,6,PENELEC,35.0,5.792142857142858,5.710666890756303,0.9714285714285714,3.952,6.257,7.447
2022,6,PPL,45.0,3.4257777777777765,8.933847676767675,0.8888888888888888,1.3559999999999999,3.855999999999998,5.556000000000001
2022,7,APS,45.0,5.2124444444444435,6.685113434343433,0.9555555555555556,3.5439999999999987,5.253999999999998,7.153999999999998
2022,7,DUQ,37.0,6.1113513513513515,5.907984234234235,0.972972972972973,4.67,6.57,8.079999999999998
2022,7,METED,38.0,6.717421052631578,4.601087980085349,0.9736842105263158,5.6065000000000005,7.009,8.074000000000002
2022,7,PECO,47.0,5.823531914893616,9.14559047178538,0.9574468085106383,4.263,5.378,7.168
2022,7,PENELEC,35.0,5.974999999999999,4.9994282352941175,0.9714285714285714,4.547,6.057,7.497
2022,7,PPL,46.0,3.180565217391304,7.563852028985506,0.9130434782608695,1.456,3.0109999999999992,5.153500000000001
2022,8,APS,38.0,9.324789473684211,6.295802062588905,1.0,8.0665,9.174,11.0015
2022,8,DUQ,34.0,15.16598039215686,7.014232174688051,1.0,13.443333333333335,15.698333333333332,16.94833333333333
2022,8,METED,35.0,14.124857142857145,5.972308067226891,1.0,12.839,14.004,15.809
2022,8,PECO,43.0,10.541953488372094,8.833876854928016,1.0,8.603,10.118,11.818000000000001
2022,8,PENELEC,35.0,14.629857142857142,6.061756302521004,1.0,13.112,14.547,16.552
2022,8,PPL,44.0,8.865318181818182,8.078364640591968,1.0,6.800999999999999,9.075999999999999,10.408499999999998
2022,9,APS,39.0,4.9378205128205135,7.279664098515519,0.9487179487179487,3.5680000000000005,5.063000000000001,6.417999999999999
2022,9,DUQ,35.0,7.534571428571426,9.013884369747899,0.9714285714285714,5.97,7.77,9.374999999999998
2022,9,METED,33.0,6.819939393939394,10.65815412121212,0.9696969696969697,5.193,7.063000000000001,8.633000000000001
2022,9,PECO,41.0,6.83270731707317,10.63031401219512,0.975609756097561,4.982000000000001,6.692,8.472000000000001
2022,9,PENELEC,35.0,5.948685714285713,9.11465404537815,0.9428571428571428,4.223999999999999,6.0489999999999995,7.789
2022,9,PPL,43.0,4.734581395348837,11.165439392026578,0.9302325581395349,2.4559999999999995,5.065999999999999,6.611000000000001
2022,10,APS,70.0,10.853971428571429,3.9493883469979285,1.0,9.728,10.903,11.9955
2022,10,DUQ,36.0,7.2496944444444456,2.8322561230158727,1.0,5.858333333333334,7.773333333333334,8.193333333333335
2022,10,METED,35.0,10.510399999999999,2.9788416588235296,1.0,9.736999999999998,10.886999999999999,11.337
2022,10,PECO,45.0,1.6539777777777775,11.253067931313128,0.7333333333333333,0.0,0.9900000000000002,1.9900000000000002
2022,10,PENELEC,36.0,11.397527777777778,3.7382683134920636,1.0,10.431999999999999,11.437000000000001,11.956999999999999
2022,10,PPL,53.0,6.46004716981132,7.123860867924529,1.0,5.209499999999999,6.0995,8.0095
2022,11,APS,39.0,4.149871794871795,6.155087904183534,0.9743589743589743,2.518,3.6630000000000003,6.063
2022,11,DUQ,38.0,5.075763157894736,2.8937545640113784,1.0,4.43,5.02,5.8675
2022,11,METED,33.0,4.26660606060606,3.373096621212121,0.9696969696969697,3.4529999999999994,4.023,5.073
2022,11,PECO,42.0,4.211738095238097,6.11561312485482,0.9761904761904762,2.7120000000000015,3.732000000000001,4.989500000000001
2022,11,PENELEC,34.0,3.5586764705882348,4.004383558823529,0.9705882352941176,2.4889999999999985,3.403999999999999,4.588999999999999
2022,11,PPL,44.0,2.1457499999999996,6.523699029069765,0.8863636363636364,0.5909999999999997,1.9059999999999997,3.281
2022,12,APS,42.0,4.008809523809525,5.912486596980257,0.9761904761904762,2.446,3.476000000000001,5.7010000000000005
2022,12,DUQ,37.0,3.5561891891891904,3.4926723243243245,0.972972972972973,2.4800000000000004,3.780000000000001,4.890000000000001
2022,12,METED,33.0,3.9403030303030295,4.090306905303031,0.9696969696969697,2.786999999999999,3.786999999999999,4.997
2022,12,PECO,44.0,3.1602045454545458,6.151998352536997,0.9772727272727273,1.734999999999999,2.3149999999999995,3.6374999999999997
2022,12,PENELEC,36.0,4.142916666666666,4.439846535714286,0.9722222222222222,2.946,4.056000000000001,5.301
2022,12,PPL,52.0,1.709596153846154,5.537141225867269,0.7307692307692307,-0.06000000000000094,1.3875000000000002,3.0599999999999987
2023,1,APS,39.0,11.573346153846156,5.953023396761134,1.0,10.1875,11.1875,12.3275
2023,1,DUQ,33.0,11.491181818181817,4.34780484090909,1.0,10.280000000000001,10.98,12.079999999999998
2023,1,METED,32.0,11.63415625,3.9907716844758063,1.0,10.361999999999998,10.927,11.909499999999998
2023,1,PECO,37.0,5.3217297297297295,8.678960147147146,1.0,3.385,4.145,5.795
2023,1,PENELEC,34.0,10.523323529411766,4.933013255793226,1.0,9.096000000000002,10.146,11.146
2023,1,PPL,44.0,4.443840909090908,5.220937718287524,1.0,3.1100000000000003,3.8824999999999994,5.25
2023,2,APS,39.0,1.9125769230769232,7.628259914979756,0.7435897435897436,0.07750000000000057,1.477500000000001,2.9125000000000005
2023,2,DUQ,35.0,0.6582571428571438,3.9731245495798313,0.6857142857142857,-0.1899999999999995,0.28000000000000114,0.8400000000000007
2023,2,METED,33.0,0.9342424242424233,5.44098531439394,0.5454545454545454,-0.3130000000000006,0.08699999999999974,1.6869999999999994
2023,2,PECO,41.0,0.001317073170731259,9.564901621951218,0.2926829268292683,-2.085000000000001,-0.6650000000000009,1.0350000000000001
2023,2,PENELEC,38.0,0.7801842105263163,5.469049073257467,0.5263157894736842,-0.406499999999999,0.051000000000001044,1.3010000000000002
2023,2,PPL,47.0,-1.2777340425531918,6.455209965772431,0.2127659574468085,-2.7824999999999998,-2.0474999999999994,-0.2625000000000002
2023,3,APS,45.0,1.1071222222222215,6.575378285858587,0.6888888888888889,-0.3335000000000008,0.45649999999999835,2.3164999999999996
2023,3,DUQ,36.0,0.21525000000000083,3.4808271071428565,0.4722222222222222,-0.8124999999999987,-0.18499999999999872,0.7150000000000003
2023,3,METED,38.0,0.8316052631578953,3.901913056187767,0.6578947368421053,-0.0909999999999993,0.2989999999999995,1.181500000000001
2023,3,PECO,42.0,-0.3388809523809534,4.9534642049941935,0.21428571428571427,-1.5635000000000017,-0.9410000000000016,-0.14350000000000085
2023,3,PENELEC,39.0,0.8433333333333332,4.374225491228068,0.6923076923076923,-0.30600000000000005,0.4789999999999992,1.149
2023,3,PPL,47.0,-1.703680851063831,4.393599743755781,0.1276595744680851,-2.7360000000000007,-2.0860000000000003,-1.306
2023,4,APS,49.0,10.116663265306121,6.319764597789116,1.0,8.6565,9.6565,10.9165
2023,4,DUQ,39.0,10.376641025641026,3.4748537098515526,1.0,9.385,10.079999999999998,10.979999999999999
2023,4,METED,40.0,9.829225,4.322224076282052,1.0,8.649000000000001,9.283999999999999,10.289000000000001
2023,4,PECO,45.0,4.170866666666666,4.881967254545456,1.0,3.0639999999999983,3.6239999999999988,4.6739999999999995
2023,4,PENELEC,40.0,9.984475,4.642550819871794,1.0,9.039,9.494,10.256499999999999
2023,4,PPL,49.0,8.489693877551021,4.554294425170068,1.0,7.213999999999999,7.953999999999999,9.074
2023,5,APS,59.0,0.7999322033898294,2.831612236703682,0.6271186440677966,-0.5680000000000005,1.1019999999999985,2.0269999999999984
2023,5,DUQ,29.0,0.6490459770114942,2.559475600985222,0.7241379310344828,-0.413333333333334,0.7566666666666659,1.7466666666666661
2023,5,METED,31.0,0.5580322580645158,1.563466698924731,0.6129032258064516,-0.2600000000000007,0.7999999999999989,1.4249999999999998
2023,5,PECO,37.0,0.5270540540540541,5.025652774774773,0.5675675675675675,-0.6539999999999999,0.3460000000000001,0.8060000000000009
2023,5,PENELEC,30.0,1.1016333333333335,2.1080423781609197,0.8,0.19600000000000062,1.396,2.196
2023,5,PPL,45.0,1.0554888888888891,4.292029073737374,0.6666666666666666,-0.16199999999999903,1.0380000000000003,2.0380000000000003
2023,6,APS,56.0,9.054089285714285,2.650891810064935,1.0,7.955,8.9025,10.0475
2023,6,DUQ,27.0,9.88811111111111,3.67462864102564,1.0,8.893333333333333,9.643333333333333,10.883333333333333
2023,6,METED,29.0,10.022034482758619,2.604642891625616,1.0,9.15,9.75,10.32
2023,6,PECO,32.0,-1.0507812499999996,3.983350757056452,0.25,-2.5469999999999993,-1.1719999999999997,-0.1519999999999988
2023,6,PENELEC,29.0,9.615241379310342,6.0460661182266024,1.0,8.397,8.897,9.597000000000001
2023,6,PPL,37.0,9.883864864864865,4.044414286786786,1.0,8.885,9.684999999999999,11.295
2023,7,APS,55.0,9.068027272727273,2.6440464020202024,1.0,7.8975,8.8475,9.997499999999999
2023,7,DUQ,27.0,9.89551851851852,3.1638827720797713,1.0,9.093333333333334,9.543333333333333,10.883333333333333
2023,7,METED,28.0,9.964249999999996,2.5215738981481484,1.0,8.85,9.8,10.399999999999999
2023,7,PECO,30.0,-1.026033333333333,3.881520447126437,0.26666666666666666,-2.329499999999999,-1.4219999999999988,-0.019499999999999407
2023,7,PENELEC,28.0,9.687678571428572,6.04108030026455,1.0,8.464500000000001,9.147000000000002,9.839500000000001
2023,7,PPL,37.0,4.926027027027027,4.038030082582583,1.0,3.6849999999999996,4.685,5.485
2023,8,APS,46.0,3.764869565217392,3.121304504830918,1.0,2.4475,3.602500000000001,4.547499999999999
2023,8,DUQ,23.0,9.499376811594203,3.3211109525691698,1.0,8.423333333333332,9.643333333333333,10.043333333333333
2023,8,METED,25.0,9.931959999999998,2.8542393733333338,1.0,8.95,9.75,10.549999999999999
2023,8,PECO,28.0,-0.866321428571428,5.717095485449734,0.2857142857142857,-2.4144999999999994,-1.4219999999999988,0.25300000000000056
2023,8,PENELEC,24.0,9.507375000000001,6.866892070652174,1.0,8.262,8.887,9.5345
2023,8,PPL,31.0,4.890741935483872,5.34722466451613,1.0,3.37,4.385000000000001,5.735
2023,9,APS,45.0,3.658366666666667,3.00034470909091,1.0,2.4475,3.647500000000001,4.7475000000000005
2023,9,DUQ,23.0,9.284159420289855,3.0648384229249,1.0,8.423333333333332,9.543333333333333,9.943333333333332
2023,9,METED,24.0,9.827041666666666,2.6159578677536235,1.0,8.85,9.8,10.425
2023,9,PECO,27.0,-0.46833333333333393,5.476963000000001,0.2962962962962963,-1.8820000000000006,-0.9820000000000011,0.5729999999999986
2023,9,PENELEC,24.0,9.411541666666666,7.0305315634057965,1.0,8.137,8.837,9.602
2023,9,PPL,31.0,4.081145161290324,5.001126169892473,1.0,2.7925000000000004,3.6624999999999996,4.917000000000001
2023,10,APS,47.0,-0.8872234042553189,2.5462998566142465,0.23404255319148937,-2.0025000000000004,-0.9525000000000006,-0.04750000000000032
2023,10,DUQ,22.0,-0.835803030303031,3.4587716471861465,0.2727272727272727,-1.4866666666666677,-0.8566666666666674,0.045833333333332504
2023,10,METED,23.0,-0.3452608695652177,3.1728802015810262,0.34782608695652173,-1.2954999999999997,-0.5500000000000007,0.15500000000000025
2023,10,PECO,27.0,-0.5853703703703708,5.50846054985755,0.25925925925925924,-1.8320000000000007,-1.0820000000000007,-0.22250000000000014
2023,10,PENELEC,22.0,-0.0684999999999995,3.092781690476189,0.36363636363636365,-0.7979999999999992,-0.3129999999999997,0.49449999999999994
2023,10,PPL,31.0,-1.1101451612903221,5.727002169892473,0.2903225806451613,-2.6574999999999998,-1.4275000000000002,0.41250000000000053
2023,11,APS,48.0,3.8435,3.1272956170212765,1.0,2.6674999999999995,3.8020000000000005,5.0725
2023,11,DUQ,22.0,9.425106060606058,4.242736755411254,1.0,8.638333333333332,9.543333333333333,10.395833333333332
2023,11,METED,25.0,9.76076,3.753782773333333,1.0,8.65,9.85,10.66
2023,11,PECO,28.0,-0.533821428571429,5.464773633597883,0.2857142857142857,-1.7570000000000003,-0.8020000000000005,0.22049999999999992
2023,11,PENELEC,22.0,9.22468181818182,3.8043734653679646,1.0,8.257,9.067,10.447
2023,11,PPL,30.0,4.192100000000001,6.364750937931034,0.9666666666666667,2.462500000000001,4.112500000000001,5.657500000000001
2023,12,APS,49.0,3.7202857142857146,2.920164291666667,1.0,2.774000000000001,3.574,4.774000000000001
2023,12,DUQ,22.0,9.747227272727274,3.639548183982685,1.0,8.945,9.895,10.375
2023,12,METED,25.0,8.418759999999999,3.300930106666667,1.0,7.379999999999999,8.68,9.289
2023,12,PECO,30.0,-0.015033333333333173,6.123499481609196,0.36666666666666664,-1.3019999999999998,-0.2919999999999998,0.15050000000000008
2023,12,PENELEC,25.0,9.086160000000001,3.224230473333334,1.0,8.283000000000001,9.083,9.843
2023,12,PPL,34.0,5.160647058823529,5.600111144385025,1.0,3.841,4.8955,5.9784999999999995
2024,1,APS,49.0,-1.2797142857142856,2.920164291666667,0.24489795918367346,-2.225999999999999,-1.4260000000000002,-0.2259999999999991
2024,1,DUQ,22.0,0.08056060606060565,3.6395481839826838,0.6818181818181818,-0.7216666666666667,0.2283333333333326,0.7083333333333326
2024,1,METED,25.0,-1.5812400000000004,3.300930106666667,0.12,-2.620000000000001,-1.3200000000000003,-0.7110000000000003
2024,1,PECO,30.0,-0.015033333333333173,6.123499481609196,0.36666666666666664,-1.3019999999999998,-0.2919999999999998,0.15050000000000008
2024,1,PENELEC,25.0,-0.9138399999999993,3.2242304733333333,0.2,-1.7169999999999987,-0.9169999999999998,-0.15700000000000003
2024,1,PPL,34.0,0.1606470588235292,5.600111144385025,0.47058823529411764,-1.1589999999999998,-0.10449999999999982,0.9784999999999995
2024,2,APS,50.0,3.7989600000000006,3.128887998367347,1.0,2.499,3.724,5.1739999999999995
2024,2,DUQ,23.0,9.680391304347824,3.6015835217391303,1.0,8.63,9.860000000000001,10.405000000000001
2024,2,METED,26.0,8.646884615384614,3.302626746153846,1.0,7.72,8.985,9.379999999999999
2024,2,PECO,28.0,0.005107142857143072,7.61489321031746,0.32142857142857145,-1.3769999999999996,-0.6219999999999999,0.19799999999999995
2024,2,PENELEC,26.0,9.29796153846154,3.3084184384615387,1.0,8.508000000000001,9.4375,9.958
2024,2,PPL,36.0,5.217358333333333,5.673675045357142,1.0,3.9309749999999997,5.021,5.8735
2024,3,APS,49.0,3.4857959183673475,3.4222696658163265,1.0,2.1740000000000004,3.3740000000000006,5.074
2024,3,DUQ,22.0,9.307227272727273,3.7617919935064945,1.0,7.55,9.600000000000001,10.7025
2024,3,METED,26.0,8.256115384615384,3.268037946153845,1.0,6.62,8.73,9.28675
2024,3,PECO,28.0,-0.7568214285714292,8.350931411375662,0.25,-2.835000000000001,-1.1550000000000002,0.014999999999999236
2024,3,PENELEC,25.0,9.21416,4.887171140000001,1.0,6.883,9.392000000000001,10.593
2024,3,PPL,37.0,4.540754054054054,5.259365765885885,0.972972972972973,2.987,4.6370000000000005,5.3870000000000005
2024,4,APS,51.0,3.5021960784313726,3.413340320784313,1.0,2.1740000000000004,3.474,5.079
2024,4,DUQ,24.0,9.237875,3.057263157608697,1.0,7.65,9.604500000000002,10.177500000000002
2024,4,METED,27.0,8.260703703703705,2.9671279857549844,1.0,6.66,8.879999999999999,9.3395
2024,4,PECO,29.0,-0.8167586206896559,7.973858261083744,0.27586206896551724,-2.875000000000001,-1.0350000000000001,0.0649999999999995
2024,4,PENELEC,26.0,8.845653846153846,2.9050487153846167,1.0,7.048,9.332500000000001,9.9905
2024,4,PPL,36.0,4.6016916666666665,5.406586531071427,0.9722222222222222,2.937,4.892,5.754499999999999
2024,7,APS,56.0,9.617142857142856,1.7513094701298701,1.0,8.609499999999999,9.602,10.602
2024,7,DUQ,28.0,10.071392857142856,1.0437372843915347,1.0,9.6675,10.085,10.7575
2024,7,METED,29.0,10.382379310344826,0.987146315270936,1.0,9.889999999999999,10.59,11.09
2024,7,PECO,32.0,0.41084375000000006,5.061943942540321,0.5,-0.48600000000000065,-0.006000000000000227,0.6140000000000008
2024,7,PENELEC,29.0,10.17596551724138,1.505994320197044,1.0,9.446,10.146,10.846
2024,7,PPL,39.0,6.317317948717949,3.6482481241430476,1.0,5.4425,6.142499999999999,6.7675
2024,8,APS,56.0,9.256964285714286,3.7609851259740266,1.0,7.777,9.0115,10.6345
2024,8,DUQ,26.0,9.524961538461538,2.929276838461539,1.0,8.005,9.655000000000001,10.71
2024,8,METED,29.0,9.904103448275862,2.531189738916256,1.0,8.29,10.199,11.29
2024,8,PECO,33.0,-0.10118181818181811,7.44024921590909,0.48484848484848486,-2.2859999999999996,-0.07600000000000051,0.5440000000000005
2024,8,PENELEC,29.0,9.46906896551724,3.4425517093596065,1.0,7.646000000000001,9.546,10.866
2024,8,PPL,40.0,5.9596975,5.3964465858910255,1.0,4.10425,6.157500000000001,7.385
2024,9,APS,59.0,4.752983050847457,2.7881224997077734,1.0,3.4320000000000004,5.082,5.741999999999999
2024,9,DUQ,29.0,9.959965517241379,2.641947891625617,1.0,8.780000000000001,10.09,11.08
2024,9,METED,31.0,10.548354838709676,1.5713305698924735,1.0,9.67,10.799999999999999,11.425
2024,9,PECO,37.0,0.5359729729729732,5.0039155825825805,0.5675675675675675,-0.6539999999999999,0.3460000000000001,0.8060000000000009
2024,9,PENELEC,30.0,10.135966666666665,2.123812447126437,1.0,9.196000000000002,10.396,11.2135
2024,9,PPL,45.0,6.046600000000001,4.336175336363635,1.0,4.838000000000001,6.038,7.038
2024,10,APS,59.0,5.127559322033897,2.718012388661602,1.0,3.832,5.402,6.407
2024,10,DUQ,30.0,10.071633333333333,2.7849386540229877,1.0,9.244166666666667,10.211666666666666,11.101666666666667
2024,10,METED,32.0,10.78778125,1.6808814022177418,1.0,10.065,11.055,11.5475
2024,10,PECO,37.0,0.7184054054054055,5.178055747747747,0.7027027027027027,-0.24399999999999977,0.5760000000000005,1.1460000000000008
2024,10,PENELEC,32.0,10.29003125,2.0807690635080642,1.0,9.491,10.646,11.126
2024,10,PPL,48.0,6.170229166666666,4.034433712322695,1.0,5.212999999999999,6.238,7.063000000000001
2024,11,APS,68.0,4.833147058823529,3.426674515364355,1.0,3.5769999999999995,4.922000000000001,6.4045000000000005
2024,11,DUQ,35.0,9.749495238095237,3.4619394403361343,1.0,8.926666666666666,9.926666666666666,10.876666666666665
2024,11,METED,36.0,10.624138888888888,2.6730835515873013,1.0,9.63725,10.969999999999999,11.79
2024,11,PECO,44.0,5.288931818181818,7.080706576638479,1.0,4.096,4.976,5.671000000000001
2024,11,PENELEC,35.0,10.119685714285717,2.8063807512605043,1.0,9.026,10.246,11.201
2024,11,PPL,51.0,11.046960784313725,3.7076249584313725,1.0,9.788,11.038,12.138
2024,12,APS,65.0,0.19131538461538417,3.547088184134615,0.5692307692307692,-0.8745000000000012,0.3055000000000003,1.6654999999999998
2024,12,DUQ,34.0,0.8783039215686285,3.528252756684492,0.7647058823529411,0.04833333333333378,1.158333333333335,2.0983333333333345
2024,12,METED,34.0,0.1410294117647066,2.922329120320856,0.5882352941176471,-0.8734999999999986,0.5340000000000007,1.1940000000000013
2024,12,PECO,44.0,1.0933409090909092,7.722194229915434,0.7272727272727273,-0.028000000000000025,0.532,1.7420000000000004
2024,12,PENELEC,35.0,0.533685714285714,2.941624515966387,0.6571428571428571,-0.25400000000000045,0.815999999999999,1.5709999999999997
2024,12,PPL,50.0,1.1325399999999994,4.104884579999999,0.72,-0.08900000000000086,1.2559999999999993,2.2609999999999997
2025,1,APS,56.0,0.5183214285714282,3.960391203896103,0.625,-0.8270000000000004,0.6204999999999998,1.8305000000000002
2025,1,DUQ,31.0,1.1165268817204308,3.8567414946236553,0.8064516129032258,0.47783333333333466,1.2333333333333343,2.1783333333333346
2025,1,METED,30.0,0.5563000000000007,3.408114562068965,0.7,-0.19599999999999973,0.979000000000001,1.8040000000000012
2025,1,PECO,40.0,1.434225,7.976241358333334,0.775,0.22450000000000037,0.9669999999999996,2.0169999999999995
2025,1,PENELEC,30.0,0.9636333333333332,3.5357452747126428,0.7,-0.14150000000000063,1.0859999999999994,2.3485
2025,1,PPL,44.0,1.6782272727272725,4.741067528541226,0.7954545454545454,0.7359999999999993,1.435999999999999,2.8109999999999995
2025,2,APS,64.0,0.8701562499999995,4.015107530753968,0.75,-0.014500000000000846,1.0154999999999994,2.0905
2025,2,DUQ,34.0,1.4147745098039228,3.9362421327985735,0.8235294117647058,0.8225833333333346,1.7233333333333345,2.7008333333333345
2025,2,METED,35.0,0.7466857142857151,3.4568568689075634,0.7142857142857143,-0.2909999999999986,1.1790000000000003,1.934000000000001
2025,2,PECO,44.0,1.7603863636363641,8.389573405391118,0.7954545454545454,0.367,1.5169999999999995,2.542
2025,2,PENELEC,35.0,1.1334,3.7790907176470587,0.7428571428571429,0.16599999999999948,1.1359999999999992,2.466
2025,2,PPL,47.0,1.852553191489361,5.002880078630898,0.8297872340425532,0.8859999999999992,1.5859999999999985,2.7859999999999996
2025,3,APS,66.0,10.769257575757575,5.280155848018647,1.0,9.698,10.965499999999999,12.365499999999999
2025,3,DUQ,30.0,11.574633333333335,4.701837826436781,1.0,10.48925,12.24,12.965
2025,3,METED,32.0,11.34990625,4.478735313508065,1.0,10.193999999999999,12.029,12.649000000000001
2025,3,PECO,36.0,2.1818055555555547,9.412311932539682,0.8333333333333334,0.6559999999999993,2.151,2.7759999999999994
2025,3,PENELEC,31.0,11.645967741935483,4.833041365591399,1.0,10.516,12.016,12.815999999999999
2025,3,PPL,43.0,7.4098953488372095,8.467035482834993,1.0,6.105499999999999,7.3455,8.6855
2025,4,APS,59.0,11.389025423728814,5.3052035984804204,1.0,10.5605,11.465499999999999,12.915499999999998
2025,4,DUQ,29.0,12.09203448275862,5.3280521773399006,1.0,10.76,12.89,13.69
2025,4,METED,31.0,11.767677419354841,4.829183559139787,1.0,11.139000000000001,12.579,12.979000000000001
2025,4,PECO,33.0,7.07551515151515,11.585564007575758,1.0,5.180999999999999,7.2509999999999994,7.651
2025,4,PENELEC,30.0,12.170633333333335,5.566828860919539,1.0,11.046,12.495999999999999,13.716000000000001
2025,4,PPL,37.0,8.341959459459458,9.140398255255256,1.0,6.8854999999999995,8.0855,10.0855
