Year,Month,EDC,n_offers,MeanMarkup,Variance,ShareAbovePTC,Q10,Q50,Q90
2017,8,APS,112,1.7953,3.806,0.8214,-0.4455,1.4464,4.3797
2017,8,DUQ,136,1.4906,3.0824,0.8162,-0.5662,1.25,3.543
2017,8,METED,87,2.1327,2.7096,0.9425,0.2457,1.662,4.3876
2017,8,PECO,176,1.5784,3.5673,0.7727,-0.3162,1.1537,4.1394
2017,8,PENELEC,77,1.6188,2.6556,0.8701,-0.1803,1.1603,3.6167
2017,8,PPL,118,1.3226,4.056,0.7627,-0.7617,1.0714,3.6101
2017,9,APS,114,2.2505,3.7849,0.886,-0.1722,2.0373,5.0228
2017,9,DUQ,138,1.3638,2.6538,0.8551,-0.2513,1.0095,3.1787
2017,9,METED,90,1.8769,2.5558,0.8889,-0.0234,1.6831,4.1552
2017,9,PECO,173,1.5052,3.6825,0.7861,-0.3652,1.1035,3.9238
2017,9,PENELEC,81,2.4561,2.6489,0.963,0.672,2.0497,4.4281
2017,9,PPL,122,1.2958,4.0456,0.7541,-0.8552,1.0333,3.5456
2017,10,APS,119,2.3114,3.6279,0.8992,-0.0266,2.0516,5.0194
2017,10,DUQ,142,1.6131,3.4675,0.8451,-0.1877,1.2182,4.6035
2017,10,METED,94,2.006,2.3492,0.9149,0.1209,1.9443,4.0876
2017,10,PECO,177,1.6164,3.4325,0.8136,-0.3238,1.2342,3.9263
2017,10,PENELEC,85,2.556,2.4083,0.9647,0.7634,2.3501,4.4309
2017,10,PPL,126,1.442,3.7859,0.8175,-0.4877,1.0924,3.5375
2017,11,APS,118,2.0299,3.6019,0.8475,-0.3193,1.8188,4.8008
2017,11,DUQ,139,1.6219,3.4593,0.8489,-0.0824,1.2181,4.6775
2017,11,METED,92,1.5234,2.312,0.8696,-0.266,1.3519,3.7487
2017,11,PECO,171,1.6428,3.3224,0.8187,-0.3557,1.2699,3.871
2017,11,PENELEC,83,1.6482,2.3568,0.8916,-0.0579,1.4663,3.2506
2017,11,PPL,123,1.6326,3.8077,0.8537,-0.1271,1.2514,3.7302
2017,12,APS,114,1.8212,3.6519,0.8333,-0.4704,1.73,4.5642
2017,12,DUQ,115,1.7631,3.6487,0.913,0.0347,1.1928,5.0446
2017,12,METED,92,0.9044,2.1099,0.6739,-0.8953,0.8771,2.8875
2017,12,PECO,151,1.4501,3.1361,0.8079,-0.4112,1.0072,3.8179
2017,12,PENELEC,88,0.8438,2.2155,0.6932,-0.8835,0.7066,2.4139
2017,12,PPL,111,1.7187,3.0517,0.9279,0.0774,1.3722,3.6234
2018,1,APS,109,1.7249,3.4835,0.8349,-0.4485,1.5912,4.3739
2018,1,DUQ,112,1.751,3.6484,0.9196,0.0462,1.0699,5.2114
2018,1,METED,89,0.8794,1.912,0.6629,-0.6083,0.7558,2.8628
2018,1,PECO,148,1.5344,3.1822,0.8851,-0.0712,0.9241,4.0561
2018,1,PENELEC,85,0.9455,2.0927,0.7412,-0.9137,0.9681,2.1743
2018,1,PPL,108,1.7578,2.8866,0.9352,0.1935,1.4166,3.297
2018,2,APS,99,1.3872,3.4134,0.7879,-0.573,1.1354,3.2509
2018,2,DUQ,110,1.7641,3.8993,0.9273,0.1619,1.1038,5.5744
2018,2,METED,83,1.4291,2.4578,0.8313,-0.3227,1.2774,3.764
2018,2,PECO,139,1.7546,4.5331,0.8561,-0.4091,1.2014,5.3758
2018,2,PENELEC,80,1.4161,2.0226,0.8,-0.4007,1.3915,2.788
2018,2,PPL,99,1.8529,3.1106,0.9091,0.0794,1.525,4.192
2018,3,APS,101,1.6006,3.4032,0.8317,-0.3368,1.2186,4.0467
2018,3,DUQ,100,1.7798,3.6531,0.92,0.1384,1.1206,5.1762
2018,3,METED,74,1.5873,1.8058,0.8919,-0.0025,1.4256,3.4219
2018,3,PECO,113,1.816,5.2521,0.8053,-0.3844,1.2868,5.0815
2018,3,PENELEC,69,1.8408,2.4792,0.9275,0.0797,1.8022,3.2445
2018,3,PPL,90,1.6253,3.2671,0.8667,-0.2385,1.2334,3.4238
2018,4,APS,104,1.6909,3.1798,0.8558,-0.2727,1.5979,3.8386
2018,4,DUQ,114,1.8243,3.5256,0.9298,0.1993,1.1161,5.2837
2018,4,METED,85,1.6165,1.7836,0.8706,-0.0679,1.4456,3.2663
2018,4,PECO,124,1.4059,4.749,0.75,-0.548,0.8809,4.5556
2018,4,PENELEC,79,1.9105,1.8771,0.9367,0.1536,1.9487,3.2317
2018,4,PPL,100,1.5128,2.6519,0.87,-0.1569,1.1581,3.1965
2018,5,APS,104,1.7084,3.2216,0.8365,-0.2716,1.655,3.8227
2018,5,DUQ,117,1.8491,3.565,0.906,0.1041,1.239,5.332
2018,5,METED,85,1.572,1.7966,0.9059,0.0293,1.2993,3.2527
2018,5,PECO,130,1.6865,4.3622,0.8385,-0.19,1.2062,4.9741
2018,5,PENELEC,81,1.7883,1.8491,0.9383,0.1428,1.6984,3.0882
2018,5,PPL,103,1.4261,2.5781,0.8641,-0.1658,1.1731,3.0882
2018,6,APS,105,1.3645,3.5385,0.7619,-0.6562,1.2864,3.5372
2018,6,DUQ,114,1.9132,3.9113,0.8947,0.017,1.2328,5.5802
2018,6,METED,85,1.3055,2.0097,0.8471,-0.2559,0.9535,3.1966
2018,6,PECO,128,1.6645,4.6231,0.7969,-0.3195,1.1509,5.4436
2018,6,PENELEC,80,1.3467,2.0379,0.7875,-0.3539,1.3392,2.7485
2018,6,PPL,103,1.0419,2.7587,0.7573,-0.4748,0.6582,2.83
2018,7,APS,104,1.5686,3.4115,0.8269,-0.5047,1.5282,3.5739
2018,7,DUQ,116,2.0234,3.6793,0.9138,0.2779,1.4427,5.5798
2018,7,METED,85,1.5706,1.8273,0.8941,0.0216,1.4626,3.2779
2018,7,PECO,129,1.9441,4.3333,0.8992,0.0573,1.3863,5.6227
2018,7,PENELEC,80,1.6302,2.0782,0.825,-0.1935,1.7401,2.8604
2018,7,PPL,107,1.1361,2.6403,0.785,-0.4748,0.7854,2.8196
2018,8,APS,108,1.6421,3.377,0.8241,-0.4993,1.6546,3.61
2018,8,DUQ,115,2.0983,3.8242,0.913,0.274,1.4419,5.5767
2018,8,METED,86,1.6419,1.8414,0.907,0.2278,1.6018,3.3193
2018,8,PECO,126,2.1756,4.4439,0.9286,0.1412,1.547,5.3638
2018,8,PENELEC,83,1.6141,2.0403,0.8434,-0.1692,1.7392,2.8206
2018,8,PPL,107,1.2322,2.7604,0.8037,-0.5382,1.103,2.9656
2018,9,APS,105,2.2317,3.708,0.8857,-0.2148,2.1235,4.2787
2018,9,DUQ,114,2.1717,3.6943,0.9386,0.4871,1.4911,5.5703
2018,9,METED,85,2.0959,1.795,0.9294,0.5668,2.0612,3.6751
2018,9,PECO,126,2.3675,4.5649,0.9365,0.277,2.0053,5.5698
2018,9,PENELEC,82,2.0359,1.9784,0.9146,0.2821,2.0612,3.2914
2018,9,PPL,106,1.3021,2.7548,0.8019,-0.7338,1.1659,2.9641
2018,10,APS,105,2.4945,6.7937,0.8762,-0.2144,2.107,5.3038
2018,10,DUQ,111,2.9208,4.682,0.9459,0.6892,2.3764,6.423
2018,10,METED,84,2.449,3.9824,0.9286,0.5264,2.3113,4.2293
2018,10,PECO,125,2.6293,5.2556,0.936,0.2321,2.1476,5.6996
2018,10,PENELEC,81,2.3731,4.5872,0.9136,0.2816,2.1971,4.1634
2018,10,PPL,105,1.5837,4.0485,0.8095,-0.7116,1.4652,3.3401
2018,11,APS,105,2.646,6.6616,0.8857,-0.1769,2.3687,5.4743
2018,11,DUQ,111,2.8527,4.6994,0.9459,0.6916,2.3589,6.3174
2018,11,METED,84,2.3615,3.8973,0.9286,0.5511,2.1217,4.059
2018,11,PECO,125,2.62,5.2835,0.936,0.2685,2.2567,5.5329
2018,11,PENELEC,82,2.2,4.319,0.9024,0.168,2.0582,3.4289
2018,11,PPL,105,1.8167,3.9376,0.8762,-0.1935,1.4204,3.933
2018,12,APS,105,1.765,6.2238,0.7714,-0.6946,1.3484,4.3312
2018,12,DUQ,109,3.2234,5.1291,0.945,0.681,2.9155,6.759
2018,12,METED,84,2.111,4.2262,0.881,-0.0434,1.8081,4.3197
2018,12,PECO,122,2.823,5.2505,0.9508,0.2055,2.3801,5.8277
2018,12,PENELEC,82,2.2847,4.6629,0.878,-0.1251,2.135,4.6747
2018,12,PPL,104,2.0958,3.7913,0.8942,0.009,1.9773,3.9053
2019,1,APS,105,1.7689,6.1507,0.7905,-0.8462,1.3458,4.3229
2019,1,DUQ,109,3.1968,4.8136,0.945,0.8734,2.6806,6.7461
2019,1,METED,84,1.987,4.288,0.881,-0.0433,1.6644,4.4007
2019,1,PECO,124,2.9414,5.5954,0.9597,0.6512,2.3756,6.1989
2019,1,PENELEC,82,2.257,4.3874,0.8902,-0.1115,2.0672,4.0693
2019,1,PPL,107,2.1731,4.0619,0.8879,-0.0414,1.8715,5.0245
2019,2,APS,94,1.2859,3.5049,0.7021,-0.9531,1.2132,3.7133
2019,2,DUQ,107,2.4731,3.3577,0.9159,0.1184,2.0348,4.9791
2019,2,METED,75,1.4286,2.1464,0.8533,-0.1269,1.1244,3.391
2019,2,PECO,120,2.2164,4.9447,0.8833,-0.1301,1.7786,5.162
2019,2,PENELEC,73,1.6749,2.0392,0.863,-0.1244,1.665,3.1245
2019,2,PPL,99,1.6522,3.0857,0.8586,-0.2588,1.3179,3.5389
2019,3,APS,90,1.9919,3.2129,0.8778,-0.3206,2.0027,4.3626
2019,3,DUQ,107,2.1665,3.1799,0.8879,-0.1346,1.8214,4.1435
2019,3,METED,72,1.6943,1.7939,0.9167,0.395,1.3364,3.2168
2019,3,PECO,117,1.8009,4.6782,0.8376,-0.26,1.2418,4.8308
2019,3,PENELEC,70,2.1048,1.6638,0.9571,0.535,2.1113,3.4982
2019,3,PPL,97,2.2095,3.0404,0.9691,0.3111,1.6992,3.9127
2019,4,APS,90,1.9731,3.26,0.8778,-0.3314,2.0926,4.3397
2019,4,DUQ,110,2.0282,3.273,0.8636,-0.272,1.7365,4.1216
2019,4,METED,74,1.5419,1.9668,0.8649,-0.0602,1.1473,3.1998
2019,4,PECO,115,1.8315,4.116,0.8435,-0.0942,1.3495,4.4878
2019,4,PENELEC,70,2.0182,1.7054,0.9571,0.413,1.9558,3.4798
2019,4,PPL,96,2.1764,2.96,0.9479,0.3157,1.6778,3.906
2019,6,APS,90,2.2508,3.4834,0.9222,0.0169,2.384,4.5518
2019,6,DUQ,107,1.8719,3.3242,0.8692,-0.1369,1.5363,4.0411
2019,6,METED,70,2.2461,2.4897,0.9714,0.6763,1.6407,4.2319
2019,6,PECO,114,1.8922,5.3631,0.8246,-0.9343,1.5142,4.9395
2019,6,PENELEC,68,1.9426,2.0675,0.9412,0.3883,1.6182,3.8224
2019,6,PPL,92,1.7303,3.2906,0.8587,-0.0445,1.2442,3.714
2019,7,APS,88,2.0302,3.9723,0.8636,-0.112,1.9924,4.6218
2019,7,DUQ,107,1.5753,3.808,0.8411,-0.3492,1.0336,4.0344
2019,7,METED,71,2.0246,2.8473,0.9155,0.4501,1.4379,4.1886
2019,7,PECO,118,1.6613,6.3942,0.7034,-1.2304,1.2678,5.025
2019,7,PENELEC,67,1.7431,2.3949,0.8806,-0.15,1.1903,3.8285
2019,7,PPL,92,1.7408,3.5338,0.837,-0.0669,1.2422,3.7078
2019,8,APS,88,1.7657,4.0707,0.8523,-0.1207,1.4423,4.622
2019,8,DUQ,109,1.34,3.4501,0.844,-0.2767,0.7586,3.6594
2019,8,METED,71,1.8611,2.6188,0.9155,0.4501,1.3504,4.1888
2019,8,PECO,119,1.417,6.2501,0.6639,-1.271,0.6546,4.9934
2019,8,PENELEC,68,1.5151,2.3647,0.8529,-0.2226,1.1153,3.8161
2019,8,PPL,92,1.5421,3.6233,0.8478,-0.1344,0.7858,3.708
2019,9,APS,90,1.9078,3.9901,0.9,0.0057,1.756,4.6684
2019,9,DUQ,107,1.4088,3.4208,0.8131,-0.2541,0.9079,3.6566
2019,9,METED,71,1.7988,2.4704,0.9296,0.4036,1.4031,4.0268
2019,9,PECO,118,1.5342,5.7881,0.7373,-0.8084,0.6347,4.9576
2019,9,PENELEC,67,2.1075,2.379,0.9403,0.3123,1.7392,4.4129
2019,9,PPL,92,1.6036,3.4512,0.8587,-0.0337,1.0345,3.7045
2019,10,APS,86,1.9294,4.0623,0.8953,0.0006,1.7396,4.8123
2019,10,DUQ,106,1.4153,3.4886,0.8113,-0.3844,1.0242,3.6482
2019,10,METED,70,1.8745,2.398,0.9286,0.3914,1.4809,4.0538
2019,10,PECO,119,1.5631,5.6126,0.8151,-0.7504,0.6457,4.9463
2019,10,PENELEC,66,2.1894,2.3412,0.9545,0.3016,1.9222,4.4153
2019,10,PPL,93,1.6052,3.4339,0.8495,-0.033,1.2135,3.6867
2019,11,APS,86,1.4977,3.8696,0.7442,-0.5367,1.2781,4.2652
2019,11,DUQ,106,1.7447,3.1669,0.9151,0.1019,1.3491,3.8435
2019,11,METED,70,1.5287,2.2083,0.8857,-0.0218,1.1244,3.5303
2019,11,PECO,119,1.7303,4.5388,0.8908,-0.1347,1.0826,4.5773
2019,11,PENELEC,66,1.5247,2.2398,0.8636,-0.4197,1.3514,3.64
2019,11,PPL,93,1.4597,3.1346,0.8387,-0.254,1.0456,3.4327
2019,12,APS,88,1.0454,3.7091,0.6477,-1.0112,1.0099,3.6415
2019,12,DUQ,107,1.9042,3.2847,0.9439,0.2954,1.2067,4.0405
2019,12,METED,71,1.1318,2.0337,0.8451,-0.3745,0.7365,2.9836
2019,12,PECO,120,1.8851,4.5642,0.8833,-0.0937,1.3207,4.6926
2019,12,PENELEC,67,0.8469,2.0776,0.7463,-0.6854,0.6679,2.9274
2019,12,PPL,94,1.9396,3.1812,0.9362,0.3539,1.5523,3.9067
2020,1,APS,88,0.756,3.4654,0.6136,-1.0836,0.6454,2.9683
2020,1,DUQ,107,1.6927,3.3021,0.8879,-0.0041,1.028,3.913
2020,1,METED,71,0.8911,1.9195,0.8028,-0.3731,0.4974,2.2259
2020,1,PECO,120,1.6958,4.8058,0.8417,-0.3072,1.2721,4.6745
2020,1,PENELEC,67,0.5763,1.7887,0.7015,-0.8767,0.3171,1.9088
2020,1,PPL,94,1.7347,3.4202,0.9149,0.1946,1.1235,3.8916
2020,2,APS,89,0.9908,3.497,0.6292,-0.7765,0.9121,3.2461
2020,2,DUQ,110,1.6025,3.3743,0.8636,-0.0785,0.9074,3.9023
2020,2,METED,72,1.4532,2.0946,0.9028,0.2604,0.9282,2.9019
2020,2,PECO,122,1.6635,5.0474,0.7705,-0.5562,1.2947,4.7423
2020,2,PENELEC,67,1.1112,1.915,0.8657,-0.5314,0.8253,2.5491
2020,2,PPL,95,1.5992,3.69,0.8737,-0.1098,0.9344,3.8711
2020,3,APS,84,1.4772,3.8374,0.75,-0.5282,1.4436,3.7757
2020,3,DUQ,108,1.3181,3.6439,0.7685,-0.3273,0.6173,3.8984
2020,3,METED,69,1.9817,2.4666,0.8986,0.2585,1.6157,3.7658
2020,3,PECO,117,1.6362,5.6835,0.7436,-0.8762,1.1123,4.8707
2020,3,PENELEC,66,1.6861,2.0683,0.9242,0.1131,1.4305,3.1642
2020,3,PPL,92,1.4562,3.9769,0.8152,-0.3424,0.8122,3.9094
2020,4,APS,84,1.3868,4.1304,0.7024,-0.712,1.2925,3.9388
2020,4,DUQ,108,1.2533,3.5123,0.7685,-0.3295,0.5464,4.0497
2020,4,METED,69,1.8284,2.7716,0.8696,-0.025,1.5014,4.4618
2020,4,PECO,117,1.5484,6.0145,0.7094,-1.0948,0.9947,4.5732
2020,4,PENELEC,66,1.5715,2.2707,0.9091,0.1076,1.2594,3.4984
2020,4,PPL,92,1.4368,4.0122,0.8152,-0.4448,0.8177,4.2947
2020,5,APS,87,1.3985,3.7467,0.7126,-0.4704,1.4113,3.7335
2020,5,DUQ,109,1.3957,3.5706,0.7982,-0.2044,0.8341,3.9245
2020,5,METED,71,2.058,2.3477,0.9155,0.513,1.6891,3.6409
2020,5,PECO,121,1.674,5.4255,0.7851,-0.7194,1.1198,4.8733
2020,5,PENELEC,66,1.7486,2.0617,0.9242,0.3016,1.4401,3.1855
2020,5,PPL,94,1.4817,3.9148,0.8298,-0.3296,0.8176,3.9156
2020,7,APS,76,1.3014,3.6811,0.6974,-0.7608,0.8487,3.7645
2020,7,DUQ,105,1.3129,3.08,0.781,-0.4457,0.681,3.905
2020,7,METED,64,1.8298,2.2531,0.9062,0.073,1.6392,3.7168
2020,7,PECO,109,1.7728,5.6398,0.7523,-0.4766,1.0957,5.0577
2020,7,PENELEC,61,1.3937,1.779,0.8361,-0.2872,1.3347,3.1795
2020,7,PPL,89,1.2037,3.8755,0.7079,-0.6976,0.6841,3.5639
2020,8,APS,87,1.3795,3.6458,0.7126,-0.4641,1.3922,3.6829
2020,8,DUQ,109,1.3767,3.4745,0.7982,-0.2016,0.8228,3.8713
2020,8,METED,71,2.0301,2.2845,0.9155,0.506,1.6662,3.5916
2020,8,PECO,121,1.6513,5.2794,0.7851,-0.7097,1.1046,4.8073
2020,8,PENELEC,66,1.7249,2.0061,0.9242,0.2974,1.4206,3.1423
2020,8,PPL,94,1.4617,3.8093,0.8298,-0.3252,0.8066,3.8625
2020,9,APS,80,5.5284,3.6377,1.0,3.4769,5.3872,8.1863
2020,9,DUQ,96,1.1098,3.2135,0.7604,-0.6717,0.6162,3.5496
2020,9,METED,67,1.5723,2.2568,0.8955,-0.1602,1.405,3.7147
2020,9,PECO,106,5.702,5.3545,1.0,3.5693,5.0791,8.5301
2020,9,PENELEC,63,7.7463,1.9755,1.0,6.054,7.7426,9.5814
2020,9,PPL,89,5.166,3.6615,1.0,3.4787,4.6989,7.4375
2020,10,APS,78,5.5554,3.6326,1.0,3.6134,5.3665,7.8983
2020,10,DUQ,94,1.1777,3.2249,0.766,-0.6493,0.6283,3.5481
2020,10,METED,65,1.6864,2.1504,0.9077,0.0419,1.5153,3.7649
2020,10,PECO,102,5.6052,4.8535,1.0,3.5531,5.1016,8.157
2020,10,PENELEC,61,7.8066,1.9459,1.0,6.3349,7.7517,9.5997
2020,10,PPL,85,5.0904,3.1168,1.0,3.6251,4.697,7.2176
2020,11,APS,87,2.0559,3.511,0.908,0.0999,1.9255,4.2493
2020,11,DUQ,94,1.2838,3.0405,0.7766,-0.2712,0.8814,3.5503
2020,11,METED,67,1.8008,2.0909,0.9104,0.0444,1.6395,3.8388
2020,11,PECO,106,2.0021,4.4105,0.9057,0.0937,1.6162,4.4761
2020,11,PENELEC,64,1.7809,1.9858,0.9062,0.2774,1.716,3.6366
2020,11,PPL,87,1.3728,2.9225,0.8736,-0.1742,0.9278,3.4106
2020,12,APS,87,1.8879,3.7044,0.8276,-0.2839,1.7421,4.0636
2020,12,DUQ,94,1.9827,3.2558,0.9043,0.3448,1.6257,4.1627
2020,12,METED,66,1.3568,2.0897,0.8333,-0.3941,1.2808,3.2944
2020,12,PECO,105,1.9776,4.8542,0.8571,-0.3399,1.569,4.9017
2020,12,PENELEC,64,1.752,2.0209,0.8906,-0.0037,1.7772,3.5482
2020,12,PPL,85,1.4862,3.6602,0.8588,-0.1765,0.9393,4.4123
2021,1,APS,83,1.8184,3.8351,0.8072,-0.6702,1.807,4.1887
2021,1,DUQ,95,1.9222,3.2754,0.8947,0.1374,1.5697,4.1451
2021,1,METED,67,1.3006,2.0691,0.8358,-0.3802,1.2509,3.2671
2021,1,PECO,102,1.8003,4.7953,0.8529,-0.5347,1.1944,4.383
2021,1,PENELEC,54,1.7769,2.2887,0.8889,-0.0037,1.8678,3.6705
2021,1,PPL,84,1.4622,3.3889,0.8571,-0.2882,1.0191,3.76
2021,2,APS,83,1.8479,3.8263,0.8193,-0.3982,1.8094,4.1659
2021,2,DUQ,95,2.0067,3.0674,0.8947,0.1854,1.732,4.1225
2021,2,METED,67,1.4686,2.0487,0.8507,-0.3781,1.5002,3.3736
2021,2,PECO,103,1.7862,4.7139,0.835,-0.5318,1.2612,4.3592
2021,2,PENELEC,65,1.9372,2.0902,0.8923,0.0183,1.9796,3.57
2021,2,PPL,85,1.4865,3.2813,0.8588,-0.0903,1.0684,3.7151
2021,3,APS,83,8.4336,3.7667,1.0,6.3614,8.4323,11.1355
2021,3,DUQ,92,2.1437,3.0808,0.8913,0.046,1.9984,4.0935
2021,3,METED,67,2.4701,2.2263,0.9552,0.5353,2.5094,4.3309
2021,3,PECO,103,5.6513,4.591,1.0,3.3366,5.1145,8.1544
2021,3,PENELEC,64,7.7204,2.2738,1.0,5.8642,7.7014,9.5121
2021,3,PPL,85,9.8804,3.0902,1.0,8.2605,9.4127,11.9803
2021,4,APS,72,8.5201,3.366,1.0,6.5065,8.4838,10.5018
2021,4,DUQ,78,2.2759,3.2153,0.9231,0.352,2.0181,4.2764
2021,4,METED,58,2.4389,2.011,0.9483,0.5394,2.489,4.2908
2021,4,PECO,87,5.5489,5.3707,1.0,3.0547,5.0728,8.5636
2021,4,PENELEC,55,7.7861,2.3012,1.0,6.0002,7.8188,9.7697
2021,4,PPL,69,9.7928,2.9399,1.0,8.3099,9.3841,11.7865
2021,5,APS,66,8.6188,3.3442,1.0,6.6586,8.595,10.9069
2021,5,DUQ,73,2.4376,3.2406,0.9178,0.4528,2.2523,4.5999
2021,5,METED,55,2.6307,2.0655,0.9455,0.5672,2.8267,4.2567
2021,5,PECO,81,5.6113,4.976,1.0,3.0781,5.1397,8.0236
2021,5,PENELEC,52,7.9164,2.4309,1.0,6.1002,8.0545,9.7599
2021,5,PPL,64,9.8566,2.6805,1.0,8.2886,9.7026,11.4664
2021,6,APS,76,1.6162,3.3072,0.8289,-0.314,1.4156,3.9483
2021,6,DUQ,77,2.2298,3.0,0.9221,0.0079,2.0151,4.6245
2021,6,METED,58,1.4114,1.8672,0.8448,-0.2386,1.5349,2.8833
2021,6,PECO,88,2.0852,4.9459,0.8636,-0.1523,1.6034,5.4171
2021,6,PENELEC,57,1.5164,2.3236,0.807,-0.3684,1.568,3.2824
2021,6,PPL,71,2.428,2.9587,0.9859,0.4404,1.9989,4.6792
2021,7,APS,76,8.7616,3.2511,1.0,6.8612,8.5121,10.9797
2021,7,DUQ,77,2.43,3.1215,0.9091,0.0078,2.4755,4.6023
2021,7,METED,57,1.8925,2.8801,0.8596,-0.2383,1.5393,3.8824
2021,7,PECO,86,5.7355,4.5449,1.0,3.5698,5.215,8.9164
2021,7,PENELEC,57,8.6979,2.3092,1.0,6.6837,8.6108,10.3922
2021,7,PPL,71,6.179,2.828,1.0,3.9635,6.0551,8.1819
2021,8,APS,80,8.8075,3.8364,1.0,6.7895,8.4946,11.0908
2021,8,DUQ,80,10.6707,3.8109,1.0,8.1432,10.3466,13.3156
2021,8,METED,60,2.1288,3.3533,0.8667,-0.2489,1.9759,4.3048
2021,8,PECO,90,5.9965,4.3947,1.0,3.9506,5.3801,8.898
2021,8,PENELEC,59,9.0355,3.8777,1.0,6.5996,8.7221,11.595
2021,8,PPL,74,6.5904,3.8881,1.0,3.9389,6.283,9.0997
2021,9,APS,59,3.2342,3.8284,0.9492,1.2533,3.3934,5.8469
2021,9,DUQ,59,3.3356,2.5616,0.9831,1.7386,3.0484,5.5511
2021,9,METED,49,2.4266,2.5157,0.8776,-0.0632,2.7319,4.0393
2021,9,PECO,78,2.5723,3.3958,0.9231,0.7508,2.2138,5.2392
2021,9,PENELEC,50,2.487,3.219,0.9,0.0105,2.4956,4.7399
2021,9,PPL,61,3.8714,3.4158,0.9836,1.3484,4.3422,5.6754
2021,10,APS,45,7.7337,5.2094,1.0,5.4118,7.685,10.573
2021,10,DUQ,52,11.5071,3.0424,1.0,10.2915,11.115,13.981
2021,10,METED,41,3.706,4.3059,0.9024,1.5031,3.9156,6.212
2021,10,PECO,66,7.1295,5.2461,1.0,5.1067,6.8349,9.9896
2021,10,PENELEC,38,3.9502,4.2245,0.9474,1.901,4.0756,6.7606
2021,10,PPL,51,4.9916,4.9522,1.0,2.2651,5.2807,7.8671
2021,11,APS,43,4.4303,5.0485,0.9767,1.9828,4.3581,7.4397
2021,11,DUQ,55,4.3014,3.4182,0.9818,2.593,4.1165,6.6833
2021,11,METED,41,4.3511,3.7262,0.9512,2.396,4.2658,6.551
2021,11,PECO,66,4.3698,7.0058,0.9848,2.1848,3.5698,6.9168
2021,11,PENELEC,37,4.4087,3.5706,0.973,2.0925,4.3154,6.993
2021,11,PPL,50,4.8237,5.1919,0.96,2.3264,4.5136,6.9338
2021,12,APS,42,4.0608,4.441,1.0,2.0257,3.854,6.7121
2021,12,DUQ,59,3.7056,3.5663,0.9831,1.9752,3.2639,5.8873
2021,12,METED,41,4.546,6.0236,1.0,2.1586,4.0111,6.7495
2021,12,PECO,71,3.6667,11.8685,0.9859,1.115,2.6108,7.2017
2021,12,PENELEC,37,5.4434,9.7704,1.0,2.5809,4.4679,8.8356
2021,12,PPL,52,2.8309,8.5012,0.9231,0.4102,2.2857,4.748
2022,1,APS,52,7.4024,3.7347,1.0,5.2185,7.416,9.7871
2022,1,DUQ,74,11.1256,3.2235,1.0,9.5465,10.6647,13.0654
2022,1,METED,46,3.8531,5.656,1.0,1.8382,3.4528,5.8489
2022,1,PECO,87,7.189,11.9253,1.0,4.4557,5.7838,10.8408
2022,1,PENELEC,42,4.8147,9.5746,1.0,2.2637,4.1738,8.1264
2022,1,PPL,59,2.8302,7.4321,0.9831,0.599,2.3014,4.8345
2022,2,APS,52,7.3946,2.5814,1.0,5.4991,7.5129,9.6985
2022,2,DUQ,68,10.8863,2.2393,1.0,9.1322,10.8961,12.8296
2022,2,METED,47,3.5338,1.6552,1.0,2.0081,3.4893,5.2283
2022,2,PECO,90,6.7422,7.6916,1.0,4.1372,5.9576,9.4741
2022,2,PENELEC,42,4.2976,2.5614,1.0,2.4683,4.707,6.1996
2022,2,PPL,61,2.8085,4.3002,1.0,0.6976,2.6198,4.7568
2022,3,APS,56,4.3946,3.0242,1.0,2.4218,4.3689,6.7678
2022,3,DUQ,68,3.8702,2.1727,0.9853,2.615,3.8346,5.7315
2022,3,METED,47,4.8816,2.446,1.0,3.0104,4.9742,6.3912
2022,3,PECO,84,3.4191,4.427,0.9881,1.5889,2.8162,5.8289
2022,3,PENELEC,44,5.0749,2.568,1.0,2.958,5.1416,6.6814
2022,3,PPL,57,3.3844,2.9015,0.9825,1.2039,3.3507,4.895
2022,5,APS,50,6.7627,8.5098,0.98,3.8462,6.163,9.9604
2022,5,DUQ,60,7.1427,8.0575,0.9833,4.2107,7.1246,10.6202
2022,5,METED,40,8.3638,8.0462,1.0,5.3317,7.9931,11.5227
2022,5,PECO,70,7.2288,8.5708,0.9857,4.1748,7.1601,11.4403
2022,5,PENELEC,38,8.8307,8.8985,1.0,5.7783,8.4596,12.6619
2022,5,PPL,50,6.7986,8.6172,0.96,3.7897,6.9066,10.3208
2022,6,APS,48,5.3575,5.6422,1.0,2.6535,4.8654,8.5647
2022,6,DUQ,54,7.3214,8.1729,0.9815,3.4175,8.0512,10.4762
2022,6,METED,39,7.7682,8.1291,1.0,4.2893,8.189,11.1294
2022,6,PECO,65,7.185,9.0619,0.9846,4.101,7.5329,10.4928
2022,6,PENELEC,37,6.4583,6.9918,0.973,3.3053,6.9905,9.8855
2022,6,PPL,49,3.8311,9.8435,0.898,0.2122,4.1854,7.2298
2022,7,APS,48,5.8291,8.0096,0.9583,2.3756,5.77,9.4752
2022,7,DUQ,55,6.9023,6.273,0.9818,4.082,7.2328,9.6149
2022,7,METED,39,7.3718,5.6303,0.9744,5.0608,7.6378,9.9852
2022,7,PECO,68,6.9211,12.2338,0.9706,4.2098,6.0612,11.3126
2022,7,PENELEC,37,6.6349,6.0873,0.973,4.0354,6.5583,9.6874
2022,7,PPL,49,3.5926,8.6609,0.9184,0.3855,3.5363,6.5052
2022,8,APS,44,10.4438,7.3524,1.0,7.803,10.6408,13.4894
2022,8,DUQ,52,16.4582,6.9003,1.0,13.8505,17.0035,19.823
2022,8,METED,37,15.4127,6.9431,1.0,13.0129,15.4608,18.6993
2022,8,PECO,63,11.8591,10.9404,1.0,8.403,11.8582,15.3243
2022,8,PENELEC,37,15.9737,7.0676,1.0,13.2869,15.9731,19.2268
2022,8,PPL,47,9.6644,8.9923,1.0,5.9313,10.0364,12.7767
2022,9,APS,44,5.4512,7.8846,0.9545,2.5108,5.5262,8.5093
2022,9,DUQ,52,7.9488,8.3937,0.9808,5.0474,7.9764,11.0784
2022,9,METED,37,7.3715,11.1331,0.973,3.7148,7.6338,10.9104
2022,9,PECO,63,7.7456,12.1468,0.9841,3.7634,7.5463,11.1086
2022,9,PENELEC,37,6.4838,10.1148,0.9459,2.6902,6.7432,10.2079
2022,9,PPL,47,5.1771,11.9547,0.9362,0.4885,5.497,9.5847
2022,10,APS,73,11.6343,4.4481,1.0,8.8516,11.6935,14.686
2022,10,DUQ,48,8.143,3.4219,1.0,5.7949,8.4214,10.4236
2022,10,METED,37,11.3038,3.4164,1.0,8.8387,11.7193,13.3555
2022,10,PECO,64,1.4192,10.2732,0.7188,-1.8084,1.0657,3.337
2022,10,PENELEC,37,12.2133,4.3257,1.0,9.6368,12.2575,14.9982
2022,10,PPL,57,6.7824,8.288,1.0,3.2503,6.2752,9.9566
2022,11,APS,44,4.3905,6.8216,0.9773,1.7919,4.0548,7.226
2022,11,DUQ,52,5.6135,3.7716,1.0,3.9546,5.377,8.7065
2022,11,METED,36,4.6962,3.8866,0.9722,2.6917,4.3942,6.894
2022,11,PECO,58,4.6692,8.1371,0.9828,2.4719,4.0214,8.3886
2022,11,PENELEC,36,3.9726,5.0336,0.9722,1.5829,3.8242,6.1678
2022,11,PPL,49,2.3352,7.0828,0.898,-0.1336,2.0969,5.8165
2022,12,APS,48,4.2457,6.6047,0.9792,1.6861,3.757,7.097
2022,12,DUQ,52,3.9116,4.1784,0.9808,1.4051,3.1723,6.6905
2022,12,METED,38,4.2965,4.4187,0.9737,1.7618,4.2013,6.9294
2022,12,PECO,62,3.3745,8.0152,0.9839,0.9036,2.4265,7.6384
2022,12,PENELEC,38,4.5833,5.4134,0.9737,1.6656,4.384,7.2471
2022,12,PPL,54,1.7759,6.3618,0.7037,-1.4057,1.3322,4.9865
2023,1,APS,42,12.3416,6.5046,1.0,9.8623,11.9962,15.3256
2023,1,DUQ,49,12.7367,5.321,1.0,10.5599,12.0954,15.4495
2023,1,METED,34,12.4851,4.3129,1.0,10.6402,11.7651,14.9476
2023,1,PECO,55,5.9588,11.648,1.0,3.115,4.8628,10.6574
2023,1,PENELEC,36,11.2514,5.4835,1.0,9.2174,10.8794,14.3322
2023,1,PPL,46,4.7305,5.766,1.0,2.8442,4.1632,6.7366
2023,2,APS,47,1.673,9.7145,0.7447,-0.7022,1.2663,3.7935
2023,2,DUQ,53,1.182,5.87,0.7547,-0.6889,0.4692,5.2549
2023,2,METED,37,0.876,5.6327,0.5135,-0.8605,0.0608,3.3813
2023,2,PECO,62,0.3183,12.4753,0.3065,-2.6594,-0.6558,6.0088
2023,2,PENELEC,39,0.8464,6.0632,0.5385,-0.9096,0.1077,2.8801
2023,2,PPL,50,-1.4533,7.0232,0.2,-3.4459,-2.3326,1.3676
2023,3,APS,51,1.152,6.7708,0.7059,-1.2153,0.4852,3.3548
2023,3,DUQ,55,0.4657,5.0799,0.4545,-1.3221,-0.3188,2.3276
2023,3,METED,39,0.8532,4.328,0.641,-0.8959,0.3178,2.8281
2023,3,PECO,59,-0.1939,6.8977,0.2373,-2.1979,-1.1011,2.4062
2023,3,PENELEC,40,0.8909,4.8155,0.7,-0.7344,0.525,2.8047
2023,3,PPL,51,-1.942,4.7749,0.1176,-3.5881,-2.3977,0.2274
2023,4,APS,53,10.6337,6.7902,1.0,8.308,10.2114,12.8339
2023,4,DUQ,57,11.1671,4.819,1.0,9.496,10.6592,13.5355
2023,4,METED,41,10.3651,4.7466,1.0,8.5221,9.8016,12.6885
2023,4,PECO,62,4.5126,6.588,1.0,2.7113,3.7529,6.8672
2023,4,PENELEC,42,10.5053,5.0226,1.0,8.7019,10.0396,12.7731
2023,4,PPL,53,8.8709,4.8587,1.0,7.1294,8.263,11.3297
2023,5,APS,63,0.8156,3.0939,0.619,-1.6223,1.1624,2.8458
2023,5,DUQ,45,0.9424,2.7152,0.8,-1.533,1.104,2.6862
2023,5,METED,32,0.5963,1.6853,0.625,-1.2299,0.8386,2.0907
2023,5,PECO,59,0.7194,6.3994,0.5763,-1.6054,0.365,3.0315
2023,5,PENELEC,32,1.2177,2.2421,0.8125,-0.8323,1.5463,2.791
2023,5,PPL,48,1.1194,4.4711,0.6875,-1.2528,1.2056,3.2362
2023,6,APS,61,9.4973,2.9875,1.0,7.0944,9.418,11.8352
2023,6,DUQ,46,10.563,3.0572,1.0,8.4569,10.2968,12.9779
2023,6,METED,30,10.5176,2.7917,1.0,8.3682,10.2039,12.9324
2023,6,PECO,48,-1.019,4.3378,0.2708,-3.5243,-1.1797,1.2596
2023,6,PENELEC,31,10.1216,6.2434,1.0,7.9771,9.6593,12.0881
2023,6,PPL,40,10.3306,4.1751,1.0,7.8005,9.7624,13.0618
2023,7,APS,61,9.4682,2.9565,1.0,7.6056,9.2846,11.8127
2023,7,DUQ,46,10.4699,2.4254,1.0,9.2803,10.1723,12.5334
2023,7,METED,30,10.4,2.6389,1.0,8.9661,10.1845,12.3505
2023,7,PECO,48,-1.1198,4.1217,0.2708,-3.3812,-1.4923,0.9699
2023,7,PENELEC,31,10.1124,6.0957,1.0,8.1298,9.6409,12.0651
2023,7,PPL,40,5.1651,4.2154,1.0,3.0695,4.864,8.0972
2023,8,APS,49,3.9844,3.3589,1.0,1.8259,3.8111,6.6188
2023,8,DUQ,40,10.2544,2.6035,1.0,8.3831,10.1855,12.5834
2023,8,METED,26,10.3584,3.0007,1.0,8.4946,10.0828,12.7472
2023,8,PECO,44,-0.6998,6.3014,0.3182,-3.2223,-1.4335,2.913
2023,8,PENELEC,25,9.9333,7.1843,1.0,7.7433,9.39,11.7159
2023,8,PPL,35,5.0157,5.2262,1.0,2.7428,4.4876,8.4684
2023,9,APS,49,3.9254,3.3048,1.0,1.8213,3.9059,6.5134
2023,9,DUQ,40,10.1,2.5653,1.0,8.5396,10.0508,11.6331
2023,9,METED,26,10.2445,2.6154,1.0,8.4736,10.2141,11.6258
2023,9,PECO,44,-0.239,5.7664,0.3182,-2.6911,-0.9193,3.6666
2023,9,PENELEC,25,9.8128,7.3194,1.0,7.4282,9.3668,11.4992
2023,9,PPL,35,4.2621,4.8648,1.0,1.566,3.8173,6.9497
2023,10,APS,49,-0.921,2.6787,0.2245,-2.7323,-0.9931,1.3508
2023,10,DUQ,39,-0.5075,2.7987,0.3077,-2.2486,-0.3719,1.263
2023,10,METED,24,-0.3467,3.3036,0.3333,-2.5232,-0.365,1.5567
2023,10,PECO,43,-0.3884,5.8675,0.2791,-2.6296,-0.8154,3.7724
2023,10,PENELEC,23,-0.0458,3.2246,0.3913,-2.1823,-0.2221,1.8445
2023,10,PPL,34,-1.1704,5.6703,0.2647,-3.9386,-1.4884,1.6396
2023,11,APS,52,4.0424,3.2222,1.0,1.7046,3.9722,6.3861
2023,11,DUQ,39,10.2295,3.5456,1.0,7.7556,10.3884,12.6326
2023,11,METED,26,10.2459,3.9938,1.0,7.9402,10.2909,12.4902
2023,11,PECO,45,-0.3144,5.534,0.3111,-3.0486,-0.817,3.1531
2023,11,PENELEC,24,9.5956,4.1042,1.0,7.1535,9.4729,11.6355
2023,11,PPL,34,4.4016,6.1252,0.9706,1.7557,4.6148,7.5542
2023,12,APS,52,3.9568,3.1288,1.0,1.4997,3.7481,5.8397
2023,12,DUQ,40,10.5602,2.9943,1.0,8.0422,10.458,12.9899
2023,12,METED,26,8.8635,3.5568,1.0,6.463,9.0775,10.7038
2023,12,PECO,49,0.2268,6.5676,0.3878,-2.6427,-0.2374,2.6908
2023,12,PENELEC,26,9.5629,3.4808,1.0,7.0414,9.6559,11.2821
2023,12,PPL,37,5.4729,5.6815,1.0,2.9345,5.2771,8.2472
2024,1,APS,52,-1.2652,3.0949,0.2692,-3.7091,-1.4728,0.6074
2024,1,DUQ,40,0.4483,2.962,0.775,-2.056,0.3467,2.8648
2024,1,METED,26,-1.5858,3.5184,0.1154,-3.9733,-1.373,0.2444
2024,1,PECO,49,0.2255,6.4967,0.3878,-2.6284,-0.2361,2.6763
2024,1,PENELEC,26,-0.8902,3.4432,0.2308,-3.3981,-0.7978,0.8196
2024,1,PPL,37,0.2426,5.6202,0.5135,-2.282,0.0478,3.0018
2024,2,APS,52,3.9385,3.2576,1.0,1.4824,3.8496,5.9378
2024,2,DUQ,40,10.3892,2.9937,1.0,7.9391,10.4407,12.1351
2024,2,METED,26,8.9386,3.5292,1.0,6.3885,9.2881,10.5854
2024,2,PECO,47,0.3699,8.0628,0.383,-2.4055,-0.4414,3.7969
2024,2,PENELEC,26,9.6116,3.5354,1.0,6.9602,9.7558,11.5706
2024,2,PPL,37,5.4028,5.8978,1.0,2.8593,5.2162,7.9039
2024,3,APS,52,3.572,3.5077,1.0,1.0209,3.4654,5.528
2024,3,DUQ,40,10.124,3.298,1.0,7.467,10.0702,12.8387
2024,3,METED,26,8.4798,3.4475,1.0,6.0393,8.9666,10.461
2024,3,PECO,47,-0.3489,8.5442,0.2766,-3.6103,-1.063,2.6345
2024,3,PENELEC,26,9.4507,4.9538,1.0,6.556,9.5392,12.6723
2024,3,PPL,38,4.6815,5.4103,0.9737,1.743,4.7883,7.1116
2024,4,APS,54,3.5895,3.4371,1.0,1.0456,3.4571,5.5046
2024,4,DUQ,39,9.8551,2.9228,1.0,7.4073,10.0265,11.8783
2024,4,METED,27,8.4516,3.1059,1.0,6.0364,9.0852,10.4828
2024,4,PECO,47,-0.304,8.4879,0.3404,-3.5962,-0.9474,3.6474
2024,4,PENELEC,27,9.0932,2.9741,1.0,6.5305,9.6091,11.1959
2024,4,PPL,39,4.773,5.2766,0.9744,1.8078,5.0102,6.8211
2024,7,APS,58,9.7869,1.8649,1.0,8.2039,9.7929,11.486
2024,7,DUQ,42,10.4212,1.1103,1.0,9.3626,10.3824,11.4023
2024,7,METED,29,10.5888,1.0268,1.0,9.4441,10.8006,11.5655
2024,7,PECO,49,0.6031,6.3307,0.4898,-1.5156,-0.0775,3.7879
2024,7,PENELEC,29,10.3783,1.5665,1.0,9.0627,10.3478,12.153
2024,7,PPL,42,6.4601,3.521,1.0,4.4645,6.4023,8.4574
2024,8,APS,60,9.4842,3.8415,1.0,6.7991,9.5353,11.7671
2024,8,DUQ,41,10.1952,2.9281,1.0,7.5206,10.374,12.1064
2024,8,METED,30,10.1128,2.5498,1.0,7.9181,10.5416,11.925
2024,8,PECO,53,0.3186,7.8914,0.5283,-2.7168,0.0143,3.5626
2024,8,PENELEC,30,9.6929,3.5082,1.0,6.9663,10.1356,11.8679
2024,8,PPL,44,6.1363,5.1378,1.0,3.2992,6.3258,8.4454
2024,9,APS,63,4.8117,2.8341,1.0,2.5049,5.1706,6.8147
2024,9,DUQ,45,10.3903,2.588,1.0,8.0173,10.5609,12.087
2024,9,METED,32,10.7398,1.576,1.0,8.988,10.9831,12.1908
2024,9,PECO,59,0.6996,5.9381,0.5763,-1.5485,0.352,2.9241
2024,9,PENELEC,32,10.3641,2.0977,1.0,8.354,10.7297,11.8489
2024,9,PPL,48,6.1584,4.2027,1.0,3.8788,6.25,8.2086
2024,10,APS,64,5.2074,2.7516,1.0,3.3862,5.4898,6.818
2024,10,DUQ,45,10.431,2.9409,1.0,8.8685,10.4945,12.3035
2024,10,METED,32,10.9631,1.736,1.0,8.9785,11.2347,12.4796
2024,10,PECO,58,0.858,6.2498,0.7241,-1.9634,0.5498,3.4715
2024,10,PENELEC,32,10.4573,2.1489,1.0,8.3444,10.819,12.3028
2024,10,PPL,48,6.2705,4.1666,1.0,3.917,6.3394,8.2297
2024,11,APS,71,4.9404,3.4066,1.0,2.4424,5.2894,6.9163
2024,11,DUQ,49,10.2603,3.7317,1.0,8.1859,10.2968,12.0132
2024,11,METED,36,10.8027,2.7637,1.0,8.7953,11.1544,12.5068
2024,11,PECO,62,5.1736,5.8726,1.0,2.3305,5.0596,7.7745
2024,11,PENELEC,36,10.3329,2.8855,1.0,8.3134,10.469,12.2027
2024,11,PPL,51,11.2326,3.8333,1.0,9.0882,11.2235,13.1656
2024,12,APS,69,0.2448,3.4955,0.5942,-2.4257,0.4732,2.4044
2024,12,DUQ,46,1.0381,3.185,0.7391,-1.2824,1.2486,3.1747
2024,12,METED,35,0.1793,2.9757,0.6,-2.0136,0.5885,1.7676
2024,12,PECO,60,0.847,6.3439,0.7333,-1.853,0.4848,2.843
2024,12,PENELEC,35,0.5425,3.0392,0.6571,-1.5856,0.8294,2.5167
2024,12,PPL,50,1.1512,4.241,0.72,-1.234,1.2766,3.1581
2025,1,APS,59,0.5654,3.864,0.6441,-1.9463,0.672,2.6998
2025,1,DUQ,40,1.3345,3.3733,0.85,-1.7941,1.5383,3.154
2025,1,METED,30,0.5618,3.4755,0.7,-1.8894,0.9886,2.6246
2025,1,PECO,50,1.3059,6.8755,0.78,-1.8207,0.9765,4.4604
2025,1,PENELEC,30,0.9731,3.6056,0.7,-1.5087,1.0967,2.9558
2025,1,PPL,45,1.6412,4.8536,0.7778,-1.0149,1.3996,4.1302
2025,2,APS,69,0.9022,3.8147,0.7681,-1.6335,1.0712,2.9412
2025,2,DUQ,46,1.7052,3.3715,0.8696,-1.0674,2.2353,3.7433
2025,2,METED,35,0.7507,3.4941,0.7143,-1.5855,1.1853,2.6733
2025,2,PECO,58,1.6265,6.8269,0.7931,-1.0888,1.5251,4.0356
2025,2,PENELEC,35,1.1395,3.8198,0.7429,-1.5161,1.1421,3.2795
2025,2,PPL,49,1.8394,5.0265,0.8163,-1.2133,1.5945,4.3492
2025,3,APS,69,10.8055,5.0807,1.0,7.5963,10.8993,13.2125
2025,3,DUQ,45,11.9666,3.9978,1.0,9.68,12.4286,13.5922
2025,3,METED,32,11.3853,4.5067,1.0,9.0452,12.0664,13.0094
2025,3,PECO,55,2.5598,10.296,0.8545,-0.4905,2.1577,6.9365
2025,3,PENELEC,32,11.7471,4.8411,1.0,9.5465,12.0584,14.481
2025,3,PPL,49,7.467,7.8469,1.0,4.3079,7.6091,10.2855
2025,4,APS,61,11.3866,5.1286,1.0,8.1655,11.4055,13.6655
2025,4,DUQ,42,12.4209,4.5077,1.0,9.934,12.89,14.3
2025,4,METED,31,11.7677,4.8292,1.0,8.988,12.579,13.889
2025,4,PECO,53,7.5161,11.9159,1.0,4.951,7.251,12.451
2025,4,PENELEC,32,12.2203,5.2474,1.0,9.5771,12.566,14.507
2025,4,PPL,43,8.218,8.2192,1.0,4.5927,8.0855,10.8655
