Year,Month,EDC,Total_Offers,Above_PTC,Below_PTC,Equal_PTC,Share_Above_PTC,Share_Below_PTC,Share_Equal_PTC,PJM_RT_Average,Date
2015,1,DUQ,,,,,,,,3.505,2015-01-01
2015,2,DUQ,,,,,,,,3.495,2015-02-01
2015,3,DUQ,,,,,,,,3.673,2015-03-01
2015,4,DUQ,,,,,,,,3.062,2015-04-01
2015,5,DUQ,,,,,,,,3.223,2015-05-01
2015,6,DUQ,,,,,,,,2.977,2015-06-01
2015,7,DUQ,,,,,,,,3.118,2015-07-01
2015,8,DUQ,,,,,,,,2.729,2015-08-01
2015,9,DUQ,,,,,,,,3.08,2015-09-01
2015,10,DUQ,,,,,,,,2.786,2015-10-01
2015,11,DUQ,,,,,,,,2.515,2015-11-01
2015,12,DUQ,,,,,,,,2.402,2015-12-01
2016,1,DUQ,,,,,,,,2.669,2016-01-01
2016,2,DUQ,,,,,,,,2.443,2016-02-01
2016,3,DUQ,,,,,,,,2.361,2016-03-01
2016,4,DUQ,,,,,,,,2.876,2016-04-01
2016,5,DUQ,,,,,,,,2.268,2016-05-01
2016,6,DUQ,,,,,,,,2.67,2016-06-01
2016,7,DUQ,,,,,,,,2.882,2016-07-01
2016,8,DUQ,,,,,,,,3.502,2016-08-01
2016,9,DUQ,,,,,,,,2.992,2016-09-01
2016,10,DUQ,,,,,,,,2.739,2016-10-01
2016,11,DUQ,,,,,,,,2.548,2016-11-01
2016,12,DUQ,,,,,,,,3.049,2016-12-01
2017,1,DUQ,,,,,,,,2.96,2017-01-01
2017,2,DUQ,,,,,,,,2.521,2017-02-01
2017,3,DUQ,,,,,,,,3.191,2017-03-01
2017,4,DUQ,,,,,,,,2.775,2017-04-01
2017,5,DUQ,,,,,,,,3.046,2017-05-01
2017,6,DUQ,,,,,,,,2.653,2017-06-01
2017,7,DUQ,,,,,,,,3.086,2017-07-01
2017,8,DUQ,136.0,111.0,25.0,0.0,0.8161764705882353,0.18382352941176472,0.0,2.736,2017-08-01
2017,9,DUQ,138.0,118.0,20.0,0.0,0.855072463768116,0.14492753623188406,0.0,3.119,2017-09-01
2017,10,DUQ,142.0,120.0,22.0,0.0,0.8450704225352113,0.15492957746478872,0.0,2.822,2017-10-01
2017,11,DUQ,139.0,118.0,21.0,0.0,0.8489208633093526,0.1510791366906475,0.0,2.817,2017-11-01
2017,12,DUQ,115.0,105.0,10.0,0.0,0.9130434782608695,0.08695652173913043,0.0,3.31,2017-12-01
2018,1,DUQ,112.0,103.0,9.0,0.0,0.9196428571428571,0.08035714285714286,0.0,6.526,2018-01-01
2018,2,DUQ,110.0,102.0,8.0,0.0,0.9272727272727272,0.07272727272727272,0.0,2.578,2018-02-01
2018,3,DUQ,100.0,92.0,8.0,0.0,0.92,0.08,0.0,3.385,2018-03-01
2018,4,DUQ,114.0,106.0,8.0,0.0,0.9298245614035088,0.07017543859649122,0.0,3.989,2018-04-01
2018,5,DUQ,117.0,106.0,11.0,0.0,0.905982905982906,0.09401709401709402,0.0,4.643,2018-05-01
2018,6,DUQ,114.0,102.0,12.0,0.0,0.8947368421052632,0.10526315789473684,0.0,3.094,2018-06-01
2018,7,DUQ,116.0,106.0,10.0,0.0,0.9137931034482759,0.08620689655172414,0.0,3.142,2018-07-01
2018,8,DUQ,115.0,105.0,10.0,0.0,0.9130434782608695,0.08695652173913043,0.0,3.281,2018-08-01
2018,9,DUQ,114.0,107.0,7.0,0.0,0.9385964912280702,0.06140350877192982,0.0,3.792,2018-09-01
2018,10,DUQ,111.0,105.0,6.0,0.0,0.9459459459459459,0.05405405405405406,0.0,3.566,2018-10-01
2018,11,DUQ,111.0,105.0,6.0,0.0,0.9459459459459459,0.05405405405405406,0.0,3.791,2018-11-01
2018,12,DUQ,109.0,103.0,6.0,0.0,0.944954128440367,0.05504587155963303,0.0,3.153,2018-12-01
2019,1,DUQ,109.0,103.0,6.0,0.0,0.944954128440367,0.05504587155963303,0.0,2.924,2019-01-01
2019,2,DUQ,107.0,98.0,9.0,0.0,0.9158878504672897,0.08411214953271028,0.0,2.772,2019-02-01
2019,3,DUQ,107.0,95.0,12.0,0.0,0.8878504672897196,0.11214953271028037,0.0,2.916,2019-03-01
2019,4,DUQ,110.0,95.0,15.0,0.0,0.8636363636363636,0.13636363636363635,0.0,2.586,2019-04-01
2019,5,DUQ,,,,,,,,2.407,2019-05-01
2019,6,DUQ,107.0,93.0,14.0,0.0,0.8691588785046729,0.1308411214953271,0.0,2.214,2019-06-01
2019,7,DUQ,107.0,90.0,17.0,0.0,0.8411214953271028,0.1588785046728972,0.0,2.809,2019-07-01
2019,8,DUQ,109.0,92.0,17.0,0.0,0.8440366972477065,0.1559633027522936,0.0,2.351,2019-08-01
2019,9,DUQ,107.0,87.0,20.0,0.0,0.8130841121495327,0.18691588785046728,0.0,2.96,2019-09-01
2019,10,DUQ,106.0,86.0,20.0,0.0,0.8113207547169812,0.18867924528301888,0.0,2.75,2019-10-01
2019,11,DUQ,106.0,97.0,9.0,0.0,0.9150943396226415,0.08490566037735849,0.0,2.802,2019-11-01
2019,12,DUQ,107.0,101.0,6.0,0.0,0.9439252336448598,0.056074766355140186,0.0,2.259,2019-12-01
2020,1,DUQ,107.0,95.0,12.0,0.0,0.8878504672897196,0.11214953271028037,0.0,2.146,2020-01-01
2020,2,DUQ,110.0,95.0,15.0,0.0,0.8636363636363636,0.13636363636363635,0.0,1.963,2020-02-01
2020,3,DUQ,108.0,83.0,25.0,0.0,0.7685185185185185,0.23148148148148148,0.0,1.843,2020-03-01
2020,4,DUQ,108.0,83.0,25.0,0.0,0.7685185185185185,0.23148148148148148,0.0,1.881,2020-04-01
2020,5,DUQ,109.0,87.0,22.0,0.0,0.7981651376146789,0.2018348623853211,0.0,2.011,2020-05-01
2020,6,DUQ,,,,,,,,1.971,2020-06-01
2020,7,DUQ,105.0,82.0,20.0,3.0,0.780952380952381,0.19047619047619047,0.02857142857142857,2.938,2020-07-01
2020,8,DUQ,109.0,87.0,22.0,0.0,0.7981651376146789,0.2018348623853211,0.0,2.333,2020-08-01
2020,9,DUQ,96.0,73.0,23.0,0.0,0.7604166666666666,0.23958333333333334,0.0,1.895,2020-09-01
2020,10,DUQ,94.0,72.0,22.0,0.0,0.7659574468085106,0.23404255319148937,0.0,2.177,2020-10-01
2020,11,DUQ,94.0,73.0,21.0,0.0,0.776595744680851,0.22340425531914893,0.0,2.056,2020-11-01
2020,12,DUQ,94.0,85.0,8.0,1.0,0.9042553191489362,0.0851063829787234,0.010638297872340425,2.392,2020-12-01
2021,1,DUQ,95.0,85.0,9.0,1.0,0.8947368421052632,0.09473684210526316,0.010526315789473684,2.39,2021-01-01
2021,2,DUQ,95.0,85.0,9.0,1.0,0.8947368421052632,0.09473684210526316,0.010526315789473684,3.605,2021-02-01
2021,3,DUQ,92.0,82.0,9.0,1.0,0.8913043478260869,0.09782608695652174,0.010869565217391304,2.447,2021-03-01
2021,4,DUQ,78.0,72.0,6.0,0.0,0.9230769230769231,0.07692307692307693,0.0,2.545,2021-04-01
2021,5,DUQ,73.0,67.0,6.0,0.0,0.9178082191780822,0.0821917808219178,0.0,2.709,2021-05-01
2021,6,DUQ,77.0,71.0,6.0,0.0,0.922077922077922,0.07792207792207792,0.0,3.224,2021-06-01
2021,7,DUQ,77.0,70.0,7.0,0.0,0.9090909090909091,0.09090909090909091,0.0,3.446,2021-07-01
2021,8,DUQ,80.0,80.0,0.0,0.0,1.0,0.0,0.0,4.288,2021-08-01
2021,9,DUQ,59.0,58.0,1.0,0.0,0.9830508474576272,0.01694915254237288,0.0,4.568,2021-09-01
2021,10,DUQ,52.0,52.0,0.0,0.0,1.0,0.0,0.0,5.858,2021-10-01
2021,11,DUQ,55.0,54.0,1.0,0.0,0.9818181818181818,0.01818181818181818,0.0,6.502,2021-11-01
2021,12,DUQ,59.0,58.0,1.0,0.0,0.9830508474576272,0.01694915254237288,0.0,3.646,2021-12-01
2022,1,DUQ,74.0,74.0,0.0,0.0,1.0,0.0,0.0,4.848,2022-01-01
2022,2,DUQ,68.0,68.0,0.0,0.0,1.0,0.0,0.0,4.309,2022-02-01
2022,3,DUQ,68.0,67.0,1.0,0.0,0.9852941176470589,0.014705882352941176,0.0,4.275,2022-03-01
2022,4,DUQ,,,,,,,,6.404,2022-04-01
2022,5,DUQ,60.0,59.0,1.0,0.0,0.9833333333333333,0.016666666666666666,0.0,7.327,2022-05-01
2022,6,DUQ,54.0,53.0,1.0,0.0,0.9814814814814815,0.018518518518518517,0.0,8.984,2022-06-01
2022,7,DUQ,55.0,54.0,1.0,0.0,0.9818181818181818,0.01818181818181818,0.0,8.309,2022-07-01
2022,8,DUQ,52.0,52.0,0.0,0.0,1.0,0.0,0.0,9.262,2022-08-01
2022,9,DUQ,52.0,51.0,1.0,0.0,0.9807692307692307,0.019230769230769232,0.0,7.222,2022-09-01
2022,10,DUQ,48.0,48.0,0.0,0.0,1.0,0.0,0.0,5.54,2022-10-01
2022,11,DUQ,52.0,52.0,0.0,0.0,1.0,0.0,0.0,5.019,2022-11-01
2022,12,DUQ,52.0,51.0,1.0,0.0,0.9807692307692307,0.019230769230769232,0.0,11.66,2022-12-01
2023,1,DUQ,49.0,49.0,0.0,0.0,1.0,0.0,0.0,3.537,2023-01-01
2023,2,DUQ,53.0,40.0,13.0,0.0,0.7547169811320755,0.24528301886792453,0.0,2.476,2023-02-01
2023,3,DUQ,55.0,25.0,30.0,0.0,0.45454545454545453,0.5454545454545454,0.0,2.772,2023-03-01
2023,4,DUQ,57.0,57.0,0.0,0.0,1.0,0.0,0.0,2.88,2023-04-01
2023,5,DUQ,45.0,36.0,9.0,0.0,0.8,0.2,0.0,2.887,2023-05-01
2023,6,DUQ,46.0,46.0,0.0,0.0,1.0,0.0,0.0,2.597,2023-06-01
2023,7,DUQ,46.0,46.0,0.0,0.0,1.0,0.0,0.0,3.344,2023-07-01
2023,8,DUQ,40.0,40.0,0.0,0.0,1.0,0.0,0.0,2.83,2023-08-01
2023,9,DUQ,40.0,40.0,0.0,0.0,1.0,0.0,0.0,2.956,2023-09-01
2023,10,DUQ,39.0,12.0,27.0,0.0,0.3076923076923077,0.6923076923076923,0.0,3.64,2023-10-01
2023,11,DUQ,39.0,39.0,0.0,0.0,1.0,0.0,0.0,3.498,2023-11-01
2023,12,DUQ,40.0,40.0,0.0,0.0,1.0,0.0,0.0,2.698,2023-12-01
2024,1,DUQ,40.0,31.0,9.0,0.0,0.775,0.225,0.0,3.597,2024-01-01
2024,2,DUQ,40.0,40.0,0.0,0.0,1.0,0.0,0.0,2.486,2024-02-01
2024,3,DUQ,40.0,40.0,0.0,0.0,1.0,0.0,0.0,2.257,2024-03-01
2024,4,DUQ,39.0,39.0,0.0,0.0,1.0,0.0,0.0,2.751,2024-04-01
2024,5,DUQ,,,,,,,,4.021,2024-05-01
2024,6,DUQ,,,,,,,,2.949,2024-06-01
2024,7,DUQ,42.0,42.0,0.0,0.0,1.0,0.0,0.0,4.065,2024-07-01
2024,8,DUQ,41.0,41.0,0.0,0.0,1.0,0.0,0.0,3.069,2024-08-01
2024,9,DUQ,45.0,45.0,0.0,0.0,1.0,0.0,0.0,2.955,2024-09-01
2024,10,DUQ,45.0,45.0,0.0,0.0,1.0,0.0,0.0,3.164,2024-10-01
2024,11,DUQ,49.0,49.0,0.0,0.0,1.0,0.0,0.0,2.868,2024-11-01
2024,12,DUQ,46.0,34.0,12.0,0.0,0.7391304347826086,0.2608695652173913,0.0,3.222,2024-12-01
2025,1,DUQ,40.0,34.0,6.0,0.0,0.85,0.15,0.0,5.05,2025-01-01
2025,2,DUQ,46.0,40.0,6.0,0.0,0.8695652173913043,0.13043478260869565,0.0,4.581,2025-02-01
2025,3,DUQ,45.0,45.0,0.0,0.0,1.0,0.0,0.0,4.191,2025-03-01
2025,4,DUQ,42.0,42.0,0.0,0.0,1.0,0.0,0.0,4.393,2025-04-01
2025,5,DUQ,,,,,,,,3.017,2025-05-01
2025,6,DUQ,,,,,,,,5.171,2025-06-01
2025,7,DUQ,,,,,,,,4.901,2025-07-01
2025,8,DUQ,,,,,,,,3.478,2025-08-01
2025,9,DUQ,,,,,,,,4.086,2025-09-01
2025,10,DUQ,,,,,,,,4.534,2025-10-01
2025,11,DUQ,,,,,,,,4.276,2025-11-01
2025,12,DUQ,,,,,,,,4.243,2025-12-01
2026,1,DUQ,,,,,,,,6.732,2026-01-01
2026,2,DUQ,,,,,,,,6.635,2026-02-01
2026,3,DUQ,,,,,,,,4.679,2026-03-01
2026,4,DUQ,,,,,,,,4.48,2026-04-01
2026,5,DUQ,,,,,,,,3.789,2026-05-01
2026,6,DUQ,,,,,,,,4.685,2026-06-01
2026,7,DUQ,,,,,,,,7.789,2026-07-01
2026,8,DUQ,,,,,,,,4.785,2026-08-01
2026,9,DUQ,,,,,,,,7.611,2026-09-01
2026,10,DUQ,,,,,,,,4.489,2026-10-01
2015,1,PECO,,,,,,,,3.93,2015-01-01
2015,2,PECO,,,,,,,,8.886,2015-02-01
2015,3,PECO,,,,,,,,4.023,2015-03-01
2015,4,PECO,,,,,,,,2.541,2015-04-01
2015,5,PECO,,,,,,,,3.012,2015-05-01
2015,6,PECO,,,,,,,,2.212,2015-06-01
2015,7,PECO,,,,,,,,2.584,2015-07-01
2015,8,PECO,,,,,,,,2.525,2015-08-01
2015,9,PECO,,,,,,,,2.84,2015-09-01
2015,10,PECO,,,,,,,,2.256,2015-10-01
2015,11,PECO,,,,,,,,1.992,2015-11-01
2015,12,PECO,,,,,,,,1.811,2015-12-01
2016,1,PECO,,,,,,,,2.692,2016-01-01
2016,2,PECO,,,,,,,,2.217,2016-02-01
2016,3,PECO,,,,,,,,1.674,2016-03-01
2016,4,PECO,,,,,,,,2.13,2016-04-01
2016,5,PECO,,,,,,,,2.163,2016-05-01
2016,6,PECO,,,,,,,,2.334,2016-06-01
2016,7,PECO,,,,,,,,2.933,2016-07-01
2016,8,PECO,,,,,,,,2.908,2016-08-01
2016,9,PECO,,,,,,,,2.019,2016-09-01
2016,10,PECO,,,,,,,,1.844,2016-10-01
2016,11,PECO,,,,,,,,2.204,2016-11-01
2016,12,PECO,,,,,,,,3.072,2016-12-01
2017,1,PECO,,,,,,,,3.107,2017-01-01
2017,2,PECO,,,,,,,,2.294,2017-02-01
2017,3,PECO,,,,,,,,3.105,2017-03-01
2017,4,PECO,,,,,,,,2.769,2017-04-01
2017,5,PECO,,,,,,,,2.875,2017-05-01
2017,6,PECO,,,,,,,,2.402,2017-06-01
2017,7,PECO,,,,,,,,2.784,2017-07-01
2017,8,PECO,176.0,136.0,40.0,0.0,0.7727272727272727,0.22727272727272727,0.0,2.423,2017-08-01
2017,9,PECO,173.0,136.0,37.0,0.0,0.7861271676300579,0.2138728323699422,0.0,2.211,2017-09-01
2017,10,PECO,177.0,144.0,33.0,0.0,0.8135593220338984,0.1864406779661017,0.0,2.304,2017-10-01
2017,11,PECO,171.0,140.0,31.0,0.0,0.8187134502923976,0.18128654970760233,0.0,2.58,2017-11-01
2017,12,PECO,151.0,122.0,29.0,0.0,0.8079470198675497,0.19205298013245034,0.0,4.542,2017-12-01
2018,1,PECO,148.0,131.0,17.0,0.0,0.8851351351351351,0.11486486486486487,0.0,8.768,2018-01-01
2018,2,PECO,139.0,119.0,20.0,0.0,0.8561151079136691,0.14388489208633093,0.0,2.49,2018-02-01
2018,3,PECO,113.0,91.0,22.0,0.0,0.8053097345132744,0.19469026548672566,0.0,2.6,2018-03-01
2018,4,PECO,124.0,93.0,31.0,0.0,0.75,0.25,0.0,3.182,2018-04-01
2018,5,PECO,130.0,109.0,21.0,0.0,0.8384615384615385,0.16153846153846155,0.0,2.475,2018-05-01
2018,6,PECO,128.0,102.0,26.0,0.0,0.796875,0.203125,0.0,2.508,2018-06-01
2018,7,PECO,129.0,116.0,13.0,0.0,0.8992248062015504,0.10077519379844961,0.0,2.987,2018-07-01
2018,8,PECO,126.0,117.0,9.0,0.0,0.9285714285714286,0.07142857142857142,0.0,3.079,2018-08-01
2018,9,PECO,126.0,118.0,8.0,0.0,0.9365079365079365,0.06349206349206349,0.0,2.736,2018-09-01
2018,10,PECO,125.0,117.0,8.0,0.0,0.936,0.064,0.0,2.979,2018-10-01
2018,11,PECO,125.0,117.0,8.0,0.0,0.936,0.064,0.0,3.348,2018-11-01
2018,12,PECO,122.0,116.0,6.0,0.0,0.9508196721311475,0.04918032786885246,0.0,3.099,2018-12-01
2019,1,PECO,124.0,119.0,5.0,0.0,0.9596774193548387,0.04032258064516129,0.0,3.376,2019-01-01
2019,2,PECO,120.0,106.0,14.0,0.0,0.8833333333333333,0.11666666666666667,0.0,2.562,2019-02-01
2019,3,PECO,117.0,98.0,19.0,0.0,0.8376068376068376,0.1623931623931624,0.0,2.756,2019-03-01
2019,4,PECO,115.0,97.0,18.0,0.0,0.8434782608695652,0.1565217391304348,0.0,2.523,2019-04-01
2019,5,PECO,,,,,,,,1.986,2019-05-01
2019,6,PECO,114.0,94.0,20.0,0.0,0.8245614035087719,0.17543859649122806,0.0,1.988,2019-06-01
2019,7,PECO,118.0,83.0,35.0,0.0,0.7033898305084746,0.2966101694915254,0.0,2.701,2019-07-01
2019,8,PECO,119.0,79.0,40.0,0.0,0.6638655462184874,0.33613445378151263,0.0,1.983,2019-08-01
2019,9,PECO,118.0,87.0,31.0,0.0,0.7372881355932204,0.2627118644067797,0.0,1.981,2019-09-01
2019,10,PECO,119.0,97.0,22.0,0.0,0.8151260504201681,0.18487394957983194,0.0,1.811,2019-10-01
2019,11,PECO,119.0,106.0,13.0,0.0,0.8907563025210085,0.1092436974789916,0.0,2.274,2019-11-01
2019,12,PECO,120.0,106.0,14.0,0.0,0.8833333333333333,0.11666666666666667,0.0,2.172,2019-12-01
2020,1,PECO,120.0,101.0,19.0,0.0,0.8416666666666667,0.15833333333333333,0.0,2.096,2020-01-01
2020,2,PECO,122.0,94.0,28.0,0.0,0.7704918032786885,0.22950819672131148,0.0,1.824,2020-02-01
2020,3,PECO,117.0,87.0,30.0,0.0,0.7435897435897436,0.2564102564102564,0.0,1.625,2020-03-01
2020,4,PECO,117.0,83.0,34.0,0.0,0.7094017094017094,0.2905982905982906,0.0,1.625,2020-04-01
2020,5,PECO,121.0,95.0,26.0,0.0,0.7851239669421488,0.21487603305785125,0.0,1.419,2020-05-01
2020,6,PECO,,,,,,,,1.639,2020-06-01
2020,7,PECO,109.0,82.0,27.0,0.0,0.7522935779816514,0.24770642201834864,0.0,2.24,2020-07-01
2020,8,PECO,121.0,95.0,26.0,0.0,0.7851239669421488,0.21487603305785125,0.0,1.905,2020-08-01
2020,9,PECO,106.0,106.0,0.0,0.0,1.0,0.0,0.0,1.364,2020-09-01
2020,10,PECO,102.0,102.0,0.0,0.0,1.0,0.0,0.0,1.697,2020-10-01
2020,11,PECO,106.0,96.0,10.0,0.0,0.9056603773584906,0.09433962264150944,0.0,1.852,2020-11-01
2020,12,PECO,105.0,90.0,15.0,0.0,0.8571428571428571,0.14285714285714285,0.0,2.587,2020-12-01
2021,1,PECO,102.0,87.0,15.0,0.0,0.8529411764705882,0.14705882352941177,0.0,2.21,2021-01-01
2021,2,PECO,103.0,86.0,17.0,0.0,0.8349514563106796,0.1650485436893204,0.0,3.602,2021-02-01
2021,3,PECO,103.0,103.0,0.0,0.0,1.0,0.0,0.0,2.064,2021-03-01
2021,4,PECO,87.0,87.0,0.0,0.0,1.0,0.0,0.0,1.979,2021-04-01
2021,5,PECO,81.0,81.0,0.0,0.0,1.0,0.0,0.0,2.306,2021-05-01
2021,6,PECO,88.0,76.0,12.0,0.0,0.8636363636363636,0.13636363636363635,0.0,2.767,2021-06-01
2021,7,PECO,86.0,86.0,0.0,0.0,1.0,0.0,0.0,3.254,2021-07-01
2021,8,PECO,90.0,90.0,0.0,0.0,1.0,0.0,0.0,4.013,2021-08-01
2021,9,PECO,78.0,72.0,6.0,0.0,0.9230769230769231,0.07692307692307693,0.0,4.023,2021-09-01
2021,10,PECO,66.0,66.0,0.0,0.0,1.0,0.0,0.0,4.37,2021-10-01
2021,11,PECO,66.0,65.0,1.0,0.0,0.9848484848484849,0.015151515151515152,0.0,4.486,2021-11-01
2021,12,PECO,71.0,70.0,1.0,0.0,0.9859154929577465,0.014084507042253521,0.0,3.298,2021-12-01
2022,1,PECO,87.0,87.0,0.0,0.0,1.0,0.0,0.0,8.094,2022-01-01
2022,2,PECO,90.0,90.0,0.0,0.0,1.0,0.0,0.0,4.348,2022-02-01
2022,3,PECO,84.0,83.0,1.0,0.0,0.9880952380952381,0.011904761904761904,0.0,3.821,2022-03-01
2022,4,PECO,,,,,,,,5.091,2022-04-01
2022,5,PECO,70.0,69.0,1.0,0.0,0.9857142857142858,0.014285714285714285,0.0,5.799,2022-05-01
2022,6,PECO,65.0,64.0,1.0,0.0,0.9846153846153847,0.015384615384615385,0.0,6.68,2022-06-01
2022,7,PECO,68.0,66.0,2.0,0.0,0.9705882352941176,0.029411764705882353,0.0,7.854,2022-07-01
2022,8,PECO,63.0,63.0,0.0,0.0,1.0,0.0,0.0,10.175,2022-08-01
2022,9,PECO,63.0,62.0,1.0,0.0,0.9841269841269841,0.015873015873015872,0.0,5.575,2022-09-01
2022,10,PECO,64.0,46.0,17.0,1.0,0.71875,0.265625,0.015625,4.393,2022-10-01
2022,11,PECO,58.0,57.0,1.0,0.0,0.9827586206896551,0.017241379310344827,0.0,3.968,2022-11-01
2022,12,PECO,62.0,61.0,1.0,0.0,0.9838709677419355,0.016129032258064516,0.0,11.178,2022-12-01
2023,1,PECO,55.0,55.0,0.0,0.0,1.0,0.0,0.0,3.062,2023-01-01
2023,2,PECO,62.0,19.0,43.0,0.0,0.3064516129032258,0.6935483870967742,0.0,2.282,2023-02-01
2023,3,PECO,59.0,14.0,45.0,0.0,0.23728813559322035,0.7627118644067796,0.0,2.308,2023-03-01
2023,4,PECO,62.0,62.0,0.0,0.0,1.0,0.0,0.0,2.279,2023-04-01
2023,5,PECO,59.0,34.0,25.0,0.0,0.576271186440678,0.423728813559322,0.0,1.553,2023-05-01
2023,6,PECO,48.0,13.0,35.0,0.0,0.2708333333333333,0.7291666666666666,0.0,1.879,2023-06-01
2023,7,PECO,48.0,13.0,35.0,0.0,0.2708333333333333,0.7291666666666666,0.0,2.887,2023-07-01
2023,8,PECO,44.0,14.0,30.0,0.0,0.3181818181818182,0.6818181818181818,0.0,1.916,2023-08-01
2023,9,PECO,44.0,14.0,30.0,0.0,0.3181818181818182,0.6818181818181818,0.0,2.054,2023-09-01
2023,10,PECO,43.0,12.0,31.0,0.0,0.27906976744186046,0.7209302325581395,0.0,1.867,2023-10-01
2023,11,PECO,45.0,14.0,31.0,0.0,0.3111111111111111,0.6888888888888889,0.0,2.61,2023-11-01
2023,12,PECO,49.0,19.0,30.0,0.0,0.3877551020408163,0.6122448979591837,0.0,2.11,2023-12-01
2024,1,PECO,49.0,19.0,30.0,0.0,0.3877551020408163,0.6122448979591837,0.0,3.75,2024-01-01
2024,2,PECO,47.0,18.0,29.0,0.0,0.3829787234042553,0.6170212765957447,0.0,1.848,2024-02-01
2024,3,PECO,47.0,13.0,34.0,0.0,0.2765957446808511,0.723404255319149,0.0,2.009,2024-03-01
2024,4,PECO,47.0,16.0,31.0,0.0,0.3404255319148936,0.6595744680851063,0.0,2.455,2024-04-01
2024,5,PECO,,,,,,,,2.274,2024-05-01
2024,6,PECO,,,,,,,,2.658,2024-06-01
2024,7,PECO,49.0,24.0,25.0,0.0,0.4897959183673469,0.5102040816326531,0.0,4.178,2024-07-01
2024,8,PECO,53.0,28.0,25.0,0.0,0.5283018867924528,0.4716981132075472,0.0,2.918,2024-08-01
2024,9,PECO,59.0,34.0,25.0,0.0,0.576271186440678,0.423728813559322,0.0,2.133,2024-09-01
2024,10,PECO,58.0,42.0,16.0,0.0,0.7241379310344828,0.27586206896551724,0.0,2.451,2024-10-01
2024,11,PECO,62.0,62.0,0.0,0.0,1.0,0.0,0.0,2.673,2024-11-01
2024,12,PECO,60.0,44.0,16.0,0.0,0.7333333333333333,0.26666666666666666,0.0,3.108,2024-12-01
2025,1,PECO,50.0,39.0,11.0,0.0,0.78,0.22,0.0,5.735,2025-01-01
2025,2,PECO,58.0,46.0,12.0,0.0,0.7931034482758621,0.20689655172413793,0.0,4.619,2025-02-01
2025,3,PECO,55.0,47.0,8.0,0.0,0.8545454545454545,0.14545454545454545,0.0,3.296,2025-03-01
2025,4,PECO,53.0,53.0,0.0,0.0,1.0,0.0,0.0,3.371,2025-04-01
2025,5,PECO,,,,,,,,2.773,2025-05-01
2025,6,PECO,,,,,,,,4.708,2025-06-01
2025,7,PECO,,,,,,,,4.992,2025-07-01
2025,8,PECO,,,,,,,,3.222,2025-08-01
2025,9,PECO,,,,,,,,2.643,2025-09-01
2025,10,PECO,,,,,,,,3.797,2025-10-01
2025,11,PECO,,,,,,,,3.952,2025-11-01
2025,12,PECO,,,,,,,,5.202,2025-12-01
2026,1,PECO,,,,,,,,9.953,2026-01-01
2026,2,PECO,,,,,,,,8.315,2026-02-01
2026,3,PECO,,,,,,,,2.949,2026-03-01
2026,4,PECO,,,,,,,,3.518,2026-04-01
2026,5,PECO,,,,,,,,3.016,2026-05-01
2026,6,PECO,,,,,,,,4.12,2026-06-01
2026,7,PECO,,,,,,,,7.326,2026-07-01
2026,8,PECO,,,,,,,,3.764,2026-08-01
2026,9,PECO,,,,,,,,3.175,2026-09-01
2026,10,PECO,,,,,,,,2.945,2026-10-01
2015,1,PPL,,,,,,,,3.869,2015-01-01
2015,2,PPL,,,,,,,,9.042,2015-02-01
2015,3,PPL,,,,,,,,3.958,2015-03-01
2015,4,PPL,,,,,,,,2.558,2015-04-01
2015,5,PPL,,,,,,,,3.166,2015-05-01
2015,6,PPL,,,,,,,,2.184,2015-06-01
2015,7,PPL,,,,,,,,2.554,2015-07-01
2015,8,PPL,,,,,,,,2.492,2015-08-01
2015,9,PPL,,,,,,,,2.802,2015-09-01
2015,10,PPL,,,,,,,,2.296,2015-10-01
2015,11,PPL,,,,,,,,2.019,2015-11-01
2015,12,PPL,,,,,,,,1.842,2015-12-01
2016,1,PPL,,,,,,,,2.723,2016-01-01
2016,2,PPL,,,,,,,,2.233,2016-02-01
2016,3,PPL,,,,,,,,1.781,2016-03-01
2016,4,PPL,,,,,,,,2.216,2016-04-01
2016,5,PPL,,,,,,,,2.144,2016-05-01
2016,6,PPL,,,,,,,,2.393,2016-06-01
2016,7,PPL,,,,,,,,2.726,2016-07-01
2016,8,PPL,,,,,,,,2.893,2016-08-01
2016,9,PPL,,,,,,,,2.084,2016-09-01
2016,10,PPL,,,,,,,,1.955,2016-10-01
2016,11,PPL,,,,,,,,2.251,2016-11-01
2016,12,PPL,,,,,,,,3.092,2016-12-01
2017,1,PPL,,,,,,,,3.157,2017-01-01
2017,2,PPL,,,,,,,,2.343,2017-02-01
2017,3,PPL,,,,,,,,3.21,2017-03-01
2017,4,PPL,,,,,,,,2.746,2017-04-01
2017,5,PPL,,,,,,,,2.805,2017-05-01
2017,6,PPL,,,,,,,,2.483,2017-06-01
2017,7,PPL,,,,,,,,2.663,2017-07-01
2017,8,PPL,118.0,90.0,28.0,0.0,0.7627118644067796,0.23728813559322035,0.0,2.392,2017-08-01
2017,9,PPL,122.0,92.0,30.0,0.0,0.7540983606557377,0.2459016393442623,0.0,2.589,2017-09-01
2017,10,PPL,126.0,103.0,23.0,0.0,0.8174603174603174,0.18253968253968253,0.0,2.217,2017-10-01
2017,11,PPL,123.0,105.0,18.0,0.0,0.8536585365853658,0.14634146341463414,0.0,2.511,2017-11-01
2017,12,PPL,111.0,103.0,8.0,0.0,0.9279279279279279,0.07207207207207207,0.0,4.422,2017-12-01
2018,1,PPL,108.0,101.0,7.0,0.0,0.9351851851851852,0.06481481481481481,0.0,8.519,2018-01-01
2018,2,PPL,99.0,90.0,9.0,0.0,0.9090909090909091,0.09090909090909091,0.0,2.427,2018-02-01
2018,3,PPL,90.0,78.0,12.0,0.0,0.8666666666666667,0.13333333333333333,0.0,2.45,2018-03-01
2018,4,PPL,100.0,87.0,13.0,0.0,0.87,0.13,0.0,3.049,2018-04-01
2018,5,PPL,103.0,89.0,14.0,0.0,0.8640776699029126,0.13592233009708737,0.0,2.295,2018-05-01
2018,6,PPL,103.0,78.0,25.0,0.0,0.7572815533980582,0.24271844660194175,0.0,2.526,2018-06-01
2018,7,PPL,107.0,84.0,23.0,0.0,0.7850467289719626,0.21495327102803738,0.0,2.926,2018-07-01
2018,8,PPL,107.0,86.0,21.0,0.0,0.8037383177570093,0.19626168224299065,0.0,3.087,2018-08-01
2018,9,PPL,106.0,85.0,21.0,0.0,0.8018867924528302,0.19811320754716982,0.0,2.84,2018-09-01
2018,10,PPL,105.0,85.0,20.0,0.0,0.8095238095238095,0.19047619047619047,0.0,2.969,2018-10-01
2018,11,PPL,105.0,92.0,13.0,0.0,0.8761904761904762,0.12380952380952381,0.0,3.33,2018-11-01
2018,12,PPL,104.0,93.0,11.0,0.0,0.8942307692307693,0.10576923076923077,0.0,2.98,2018-12-01
2019,1,PPL,107.0,95.0,12.0,0.0,0.8878504672897196,0.11214953271028037,0.0,3.003,2019-01-01
2019,2,PPL,99.0,85.0,14.0,0.0,0.8585858585858586,0.1414141414141414,0.0,2.572,2019-02-01
2019,3,PPL,97.0,94.0,3.0,0.0,0.9690721649484536,0.030927835051546393,0.0,2.673,2019-03-01
2019,4,PPL,96.0,91.0,5.0,0.0,0.9479166666666666,0.052083333333333336,0.0,2.42,2019-04-01
2019,5,PPL,,,,,,,,2.04,2019-05-01
2019,6,PPL,92.0,79.0,13.0,0.0,0.8586956521739131,0.14130434782608695,0.0,1.946,2019-06-01
2019,7,PPL,92.0,77.0,15.0,0.0,0.8369565217391305,0.16304347826086957,0.0,2.561,2019-07-01
2019,8,PPL,92.0,78.0,14.0,0.0,0.8478260869565217,0.15217391304347827,0.0,2.035,2019-08-01
2019,9,PPL,92.0,79.0,13.0,0.0,0.8586956521739131,0.14130434782608695,0.0,2.249,2019-09-01
2019,10,PPL,93.0,79.0,14.0,0.0,0.8494623655913979,0.15053763440860216,0.0,2.037,2019-10-01
2019,11,PPL,93.0,78.0,15.0,0.0,0.8387096774193549,0.16129032258064516,0.0,2.317,2019-11-01
2019,12,PPL,94.0,88.0,6.0,0.0,0.9361702127659575,0.06382978723404255,0.0,2.417,2019-12-01
2020,1,PPL,94.0,86.0,8.0,0.0,0.9148936170212766,0.0851063829787234,0.0,1.954,2020-01-01
2020,2,PPL,95.0,83.0,12.0,0.0,0.8736842105263158,0.12631578947368421,0.0,1.764,2020-02-01
2020,3,PPL,92.0,75.0,17.0,0.0,0.8152173913043478,0.18478260869565216,0.0,1.592,2020-03-01
2020,4,PPL,92.0,75.0,17.0,0.0,0.8152173913043478,0.18478260869565216,0.0,1.639,2020-04-01
2020,5,PPL,94.0,78.0,16.0,0.0,0.8297872340425532,0.1702127659574468,0.0,1.469,2020-05-01
2020,6,PPL,,,,,,,,1.755,2020-06-01
2020,7,PPL,89.0,63.0,26.0,0.0,0.7078651685393258,0.29213483146067415,0.0,2.142,2020-07-01
2020,8,PPL,94.0,78.0,16.0,0.0,0.8297872340425532,0.1702127659574468,0.0,2.156,2020-08-01
2020,9,PPL,89.0,89.0,0.0,0.0,1.0,0.0,0.0,1.402,2020-09-01
2020,10,PPL,85.0,85.0,0.0,0.0,1.0,0.0,0.0,1.638,2020-10-01
2020,11,PPL,87.0,76.0,11.0,0.0,0.8735632183908046,0.12643678160919541,0.0,2.017,2020-11-01
2020,12,PPL,85.0,73.0,12.0,0.0,0.8588235294117647,0.1411764705882353,0.0,2.571,2020-12-01
2021,1,PPL,84.0,72.0,12.0,0.0,0.8571428571428571,0.14285714285714285,0.0,2.229,2021-01-01
2021,2,PPL,85.0,73.0,12.0,0.0,0.8588235294117647,0.1411764705882353,0.0,3.591,2021-02-01
2021,3,PPL,85.0,85.0,0.0,0.0,1.0,0.0,0.0,2.115,2021-03-01
2021,4,PPL,69.0,69.0,0.0,0.0,1.0,0.0,0.0,2.174,2021-04-01
2021,5,PPL,64.0,64.0,0.0,0.0,1.0,0.0,0.0,2.528,2021-05-01
2021,6,PPL,71.0,70.0,1.0,0.0,0.9859154929577465,0.014084507042253521,0.0,2.79,2021-06-01
2021,7,PPL,71.0,71.0,0.0,0.0,1.0,0.0,0.0,3.252,2021-07-01
2021,8,PPL,74.0,74.0,0.0,0.0,1.0,0.0,0.0,4.276,2021-08-01
2021,9,PPL,61.0,60.0,1.0,0.0,0.9836065573770492,0.01639344262295082,0.0,4.192,2021-09-01
2021,10,PPL,51.0,51.0,0.0,0.0,1.0,0.0,0.0,5.208,2021-10-01
2021,11,PPL,50.0,48.0,2.0,0.0,0.96,0.04,0.0,5.68,2021-11-01
2021,12,PPL,52.0,48.0,4.0,0.0,0.9230769230769231,0.07692307692307693,0.0,3.488,2021-12-01
2022,1,PPL,59.0,58.0,1.0,0.0,0.9830508474576272,0.01694915254237288,0.0,7.309,2022-01-01
2022,2,PPL,61.0,61.0,0.0,0.0,1.0,0.0,0.0,4.27,2022-02-01
2022,3,PPL,57.0,56.0,1.0,0.0,0.9824561403508771,0.017543859649122806,0.0,3.965,2022-03-01
2022,4,PPL,,,,,,,,5.713,2022-04-01
2022,5,PPL,50.0,48.0,2.0,0.0,0.96,0.04,0.0,6.588,2022-05-01
2022,6,PPL,49.0,44.0,5.0,0.0,0.8979591836734694,0.10204081632653061,0.0,7.852,2022-06-01
2022,7,PPL,49.0,45.0,4.0,0.0,0.9183673469387755,0.08163265306122448,0.0,8.327,2022-07-01
2022,8,PPL,47.0,47.0,0.0,0.0,1.0,0.0,0.0,11.108,2022-08-01
2022,9,PPL,47.0,44.0,3.0,0.0,0.9361702127659575,0.06382978723404255,0.0,6.433,2022-09-01
2022,10,PPL,57.0,57.0,0.0,0.0,1.0,0.0,0.0,5.081,2022-10-01
2022,11,PPL,49.0,44.0,5.0,0.0,0.8979591836734694,0.10204081632653061,0.0,4.519,2022-11-01
2022,12,PPL,54.0,38.0,16.0,0.0,0.7037037037037037,0.2962962962962963,0.0,12.09,2022-12-01
2023,1,PPL,46.0,46.0,0.0,0.0,1.0,0.0,0.0,3.228,2023-01-01
2023,2,PPL,50.0,10.0,40.0,0.0,0.2,0.8,0.0,2.364,2023-02-01
2023,3,PPL,51.0,6.0,45.0,0.0,0.11764705882352941,0.8823529411764706,0.0,2.479,2023-03-01
2023,4,PPL,53.0,53.0,0.0,0.0,1.0,0.0,0.0,2.328,2023-04-01
2023,5,PPL,48.0,33.0,15.0,0.0,0.6875,0.3125,0.0,2.278,2023-05-01
2023,6,PPL,40.0,40.0,0.0,0.0,1.0,0.0,0.0,2.078,2023-06-01
2023,7,PPL,40.0,40.0,0.0,0.0,1.0,0.0,0.0,2.737,2023-07-01
2023,8,PPL,35.0,35.0,0.0,0.0,1.0,0.0,0.0,1.939,2023-08-01
2023,9,PPL,35.0,35.0,0.0,0.0,1.0,0.0,0.0,1.969,2023-09-01
2023,10,PPL,34.0,9.0,25.0,0.0,0.2647058823529412,0.7352941176470589,0.0,2.743,2023-10-01
2023,11,PPL,34.0,33.0,1.0,0.0,0.9705882352941176,0.029411764705882353,0.0,2.989,2023-11-01
2023,12,PPL,37.0,37.0,0.0,0.0,1.0,0.0,0.0,2.364,2023-12-01
2024,1,PPL,37.0,19.0,18.0,0.0,0.5135135135135135,0.4864864864864865,0.0,3.687,2024-01-01
2024,2,PPL,37.0,37.0,0.0,0.0,1.0,0.0,0.0,2.03,2024-02-01
2024,3,PPL,38.0,37.0,1.0,0.0,0.9736842105263158,0.02631578947368421,0.0,1.969,2024-03-01
2024,4,PPL,39.0,38.0,1.0,0.0,0.9743589743589743,0.02564102564102564,0.0,2.554,2024-04-01
2024,5,PPL,,,,,,,,2.378,2024-05-01
2024,6,PPL,,,,,,,,2.407,2024-06-01
2024,7,PPL,42.0,42.0,0.0,0.0,1.0,0.0,0.0,3.763,2024-07-01
2024,8,PPL,44.0,44.0,0.0,0.0,1.0,0.0,0.0,2.783,2024-08-01
2024,9,PPL,48.0,48.0,0.0,0.0,1.0,0.0,0.0,2.276,2024-09-01
2024,10,PPL,48.0,48.0,0.0,0.0,1.0,0.0,0.0,2.399,2024-10-01
2024,11,PPL,51.0,51.0,0.0,0.0,1.0,0.0,0.0,2.703,2024-11-01
2024,12,PPL,50.0,36.0,14.0,0.0,0.72,0.28,0.0,2.882,2024-12-01
2025,1,PPL,45.0,35.0,10.0,0.0,0.7777777777777778,0.2222222222222222,0.0,5.554,2025-01-01
2025,2,PPL,49.0,40.0,9.0,0.0,0.8163265306122449,0.1836734693877551,0.0,4.266,2025-02-01
2025,3,PPL,49.0,49.0,0.0,0.0,1.0,0.0,0.0,3.624,2025-03-01
2025,4,PPL,43.0,43.0,0.0,0.0,1.0,0.0,0.0,3.566,2025-04-01
2025,5,PPL,,,,,,,,2.916,2025-05-01
2025,6,PPL,,,,,,,,4.649,2025-06-01
2025,7,PPL,,,,,,,,4.804,2025-07-01
2025,8,PPL,,,,,,,,3.016,2025-08-01
2025,9,PPL,,,,,,,,2.553,2025-09-01
2025,10,PPL,,,,,,,,3.537,2025-10-01
2025,11,PPL,,,,,,,,3.765,2025-11-01
2025,12,PPL,,,,,,,,4.887,2025-12-01
2026,1,PPL,,,,,,,,9.947,2026-01-01
2026,2,PPL,,,,,,,,8.292,2026-02-01
2026,3,PPL,,,,,,,,3.266,2026-03-01
2026,4,PPL,,,,,,,,3.208,2026-04-01
2026,5,PPL,,,,,,,,3.111,2026-05-01
2026,6,PPL,,,,,,,,3.56,2026-06-01
2026,7,PPL,,,,,,,,6.889,2026-07-01
2026,8,PPL,,,,,,,,3.626,2026-08-01
2026,9,PPL,,,,,,,,3.762,2026-09-01
2026,10,PPL,,,,,,,,3.327,2026-10-01
