Year,Month,EDC,Above,Below,Equal,Total,Share_Above_PTC,Share_Below_PTC,Share_Equal_PTC,PJM_RT_Average,PJM_RT_Median,date
2020,2,APS,1,5,0,6,16.666666666666668,83.33333333333333,0.0,0.1931,0.18819999999999998,2020-02-01
2020,3,APS,0,9,0,9,0.0,100.0,0.0,0.1792,0.17250000000000001,2020-03-01
2020,4,APS,0,14,0,14,0.0,100.0,0.0,0.1792,0.1674,2020-04-01
2020,5,APS,0,12,0,12,0.0,100.0,0.0,0.1973,0.1664,2020-05-01
2020,7,APS,1,13,0,14,7.142857142857143,92.85714285714286,0.0,0.2758,0.20329999999999998,2020-07-01
2020,8,APS,2,7,0,9,22.22222222222222,77.77777777777777,0.0,0.23490000000000003,0.1975,2020-08-01
2020,9,APS,8,0,0,8,100.0,0.0,0.0,0.1916,0.1679,2020-09-01
2020,10,APS,11,0,0,11,100.0,0.0,0.0,0.2205,0.1864,2020-10-01
2020,11,APS,5,7,0,12,41.666666666666664,58.333333333333336,0.0,0.2125,0.1883,2020-11-01
2020,12,APS,5,7,0,12,41.666666666666664,58.333333333333336,0.0,0.25329999999999997,0.22690000000000002,2020-12-01
2021,1,APS,7,10,0,17,41.1764705882353,58.8235294117647,0.0,0.24710000000000001,0.2299,2021-01-01
2021,2,APS,5,12,0,17,29.41176470588235,70.58823529411765,0.0,0.38370000000000004,0.2933,2021-02-01
2021,3,APS,22,0,0,22,100.0,0.0,0.0,0.2541,0.21059999999999998,2021-03-01
2021,4,APS,22,0,0,22,100.0,0.0,0.0,0.2598,0.23410000000000003,2021-04-01
2021,5,APS,30,0,0,30,100.0,0.0,0.0,0.2797,0.2392,2021-05-01
2021,6,APS,9,22,0,31,29.032258064516128,70.96774193548387,0.0,0.3209,0.2599,2021-06-01
2021,7,APS,18,0,0,18,100.0,0.0,0.0,0.35209999999999997,0.31720000000000004,2021-07-01
2020,2,DUQ,4,2,0,6,66.66666666666667,33.333333333333336,0.0,0.1963,0.1888,2020-02-01
2020,3,DUQ,6,4,0,10,60.0,40.0,0.0,0.1843,0.1734,2020-03-01
2020,4,DUQ,5,9,0,14,35.714285714285715,64.28571428571429,0.0,0.1881,0.1695,2020-04-01
2020,5,DUQ,4,10,0,14,28.571428571428573,71.42857142857143,0.0,0.2011,0.16799999999999998,2020-05-01
2020,7,DUQ,8,16,0,24,33.333333333333336,66.66666666666667,0.0,0.2938,0.2044,2020-07-01
2020,8,DUQ,7,13,0,20,35.0,65.0,0.0,0.2333,0.1931,2020-08-01
2020,9,DUQ,7,13,0,20,35.0,65.0,0.0,0.1895,0.1646,2020-09-01
2020,10,DUQ,6,18,0,24,25.0,75.0,0.0,0.2177,0.1851,2020-10-01
2020,11,DUQ,6,17,0,23,26.08695652173913,73.91304347826087,0.0,0.2056,0.1839,2020-11-01
2020,12,DUQ,8,13,0,21,38.095238095238095,61.904761904761905,0.0,0.2392,0.21949999999999997,2020-12-01
2021,1,DUQ,14,10,0,24,58.333333333333336,41.666666666666664,0.0,0.23900000000000002,0.2243,2021-01-01
2021,2,DUQ,18,8,0,26,69.23076923076923,30.76923076923077,0.0,0.3605,0.2779,2021-02-01
2021,3,DUQ,25,10,0,35,71.42857142857143,28.571428571428573,0.0,0.2447,0.2057,2021-03-01
2021,4,DUQ,22,3,0,25,88.0,12.0,0.0,0.2545,0.2324,2021-04-01
2021,5,DUQ,32,3,0,35,91.42857142857143,8.571428571428571,0.0,0.27090000000000003,0.2346,2021-05-01
2021,6,DUQ,27,7,0,34,79.41176470588235,20.58823529411765,0.0,0.3224,0.25339999999999996,2021-06-01
2021,7,DUQ,21,4,0,25,84.0,16.0,0.0,0.3446,0.313,2021-07-01
2020,2,METED,1,4,0,5,20.0,80.0,0.0,0.1878,0.1807,2020-02-01
2020,3,METED,2,7,0,9,22.22222222222222,77.77777777777777,0.0,0.1636,0.1587,2020-03-01
2020,4,METED,3,10,0,13,23.076923076923077,76.92307692307692,0.0,0.1661,0.1555,2020-04-01
2020,5,METED,4,11,0,15,26.666666666666668,73.33333333333333,0.0,0.1504,0.13999999999999999,2020-05-01
2020,7,METED,13,7,0,20,65.0,35.0,0.0,0.2271,0.1899,2020-07-01
2020,8,METED,14,5,0,19,73.6842105263158,26.31578947368421,0.0,0.2793,0.1782,2020-08-01
2020,9,METED,13,4,0,17,76.47058823529412,23.529411764705884,0.0,0.1446,0.1291,2020-09-01
2020,10,METED,15,4,0,19,78.94736842105263,21.05263157894737,0.0,0.1647,0.1371,2020-10-01
2020,11,METED,13,4,0,17,76.47058823529412,23.529411764705884,0.0,0.21880000000000002,0.1827,2020-11-01
2020,12,METED,8,8,0,16,50.0,50.0,0.0,0.267,0.2089,2020-12-01
2021,1,METED,14,10,0,24,58.333333333333336,41.666666666666664,0.0,0.2351,0.20750000000000002,2021-01-01
2021,2,METED,16,8,0,24,66.66666666666667,33.333333333333336,0.0,0.371,0.28450000000000003,2021-02-01
2021,3,METED,28,2,0,30,93.33333333333333,6.666666666666667,0.0,0.22610000000000002,0.1851,2021-03-01
2021,4,METED,29,0,0,29,100.0,0.0,0.0,0.23479999999999998,0.1967,2021-04-01
2021,5,METED,34,0,0,34,100.0,0.0,0.0,0.2633,0.22139999999999999,2021-05-01
2021,6,METED,22,11,0,33,66.66666666666667,33.333333333333336,0.0,0.2925,0.2338,2021-06-01
2021,7,METED,17,3,0,20,85.0,15.0,0.0,0.3517,0.3009,2021-07-01
2020,2,PENELEC,3,5,0,8,37.5,62.5,0.0,0.1883,0.18460000000000001,2020-02-01
2020,3,PENELEC,5,6,0,11,45.45454545454545,54.54545454545455,0.0,0.1777,0.1668,2020-03-01
2020,4,PENELEC,6,7,0,13,46.15384615384615,53.84615384615385,0.0,0.1708,0.16140000000000002,2020-04-01
2020,5,PENELEC,7,8,0,15,46.666666666666664,53.333333333333336,0.0,0.1724,0.15389999999999998,2020-05-01
2020,7,PENELEC,11,8,0,19,57.89473684210526,42.10526315789474,0.0,0.25529999999999997,0.2017,2020-07-01
2020,8,PENELEC,14,4,0,18,77.77777777777777,22.22222222222222,0.0,0.2313,0.1833,2020-08-01
2020,9,PENELEC,17,0,0,17,100.0,0.0,0.0,0.1672,0.1537,2020-09-01
2020,10,PENELEC,21,0,0,21,100.0,0.0,0.0,0.2016,0.16870000000000002,2020-10-01
2020,11,PENELEC,16,3,0,19,84.21052631578948,15.789473684210526,0.0,0.19790000000000002,0.1787,2020-11-01
2020,12,PENELEC,14,2,0,16,87.5,12.5,0.0,0.2399,0.2116,2020-12-01
2021,1,PENELEC,21,4,0,25,84.0,16.0,0.0,0.24430000000000002,0.2219,2021-01-01
2021,2,PENELEC,21,4,0,25,84.0,16.0,0.0,0.3835,0.2954,2021-02-01
2021,3,PENELEC,29,0,0,29,100.0,0.0,0.0,0.2325,0.1964,2021-03-01
2021,4,PENELEC,28,0,0,28,100.0,0.0,0.0,0.21869999999999998,0.2092,2021-04-01
2021,5,PENELEC,32,0,0,32,100.0,0.0,0.0,0.2604,0.23210000000000003,2021-05-01
2021,6,PENELEC,24,6,0,30,80.0,20.0,0.0,0.2863,0.24009999999999998,2021-06-01
2021,7,PENELEC,20,0,0,20,100.0,0.0,0.0,0.3387,0.3131,2021-07-01
2020,2,PPL,6,2,0,8,75.0,25.0,0.0,0.1764,0.17099999999999999,2020-02-01
2020,3,PPL,8,7,0,15,53.333333333333336,46.666666666666664,0.0,0.1592,0.1547,2020-03-01
2020,4,PPL,6,8,0,14,42.857142857142854,57.142857142857146,0.0,0.1639,0.154,2020-04-01
2020,5,PPL,7,12,0,19,36.8421052631579,63.1578947368421,0.0,0.1469,0.13740000000000002,2020-05-01
2020,7,PPL,6,16,0,22,27.272727272727273,72.72727272727273,0.0,0.2142,0.1872,2020-07-01
2020,8,PPL,7,10,0,17,41.1764705882353,58.8235294117647,0.0,0.2156,0.1722,2020-08-01
2020,9,PPL,18,0,0,18,100.0,0.0,0.0,0.1402,0.12869999999999998,2020-09-01
2020,10,PPL,25,0,0,25,100.0,0.0,0.0,0.1638,0.1373,2020-10-01
2020,11,PPL,10,11,0,21,47.61904761904762,52.38095238095238,0.0,0.2017,0.1764,2020-11-01
2020,12,PPL,10,11,0,21,47.61904761904762,52.38095238095238,0.0,0.2571,0.20579999999999998,2020-12-01
2021,1,PPL,14,11,0,25,56.0,44.0,0.0,0.22290000000000001,0.2044,2021-01-01
2021,2,PPL,14,11,0,25,56.0,44.0,0.0,0.35910000000000003,0.2792,2021-02-01
2021,3,PPL,37,0,0,37,100.0,0.0,0.0,0.21150000000000002,0.1803,2021-03-01
2021,4,PPL,34,0,0,34,100.0,0.0,0.0,0.21739999999999998,0.193,2021-04-01
2021,5,PPL,40,0,0,40,100.0,0.0,0.0,0.2528,0.2183,2021-05-01
2021,6,PPL,37,12,0,49,75.51020408163265,24.489795918367346,0.0,0.279,0.2323,2021-06-01
2021,7,PPL,29,0,0,29,100.0,0.0,0.0,0.3252,0.2974,2021-07-01
