Year,Month,EDC,EGS_Average,EGS_Median,EGS_Count,PTC_Average,PTC_Median,PTC_Unique_Values,PJM_RT_Average,PJM_RT_Median,Date
2015,1,DUQ,,,,,,,3.505,2.797,2015-01-01
2015,2,DUQ,,,,,,,3.495,2.783,2015-02-01
2015,3,DUQ,,,,,,,3.673,2.856,2015-03-01
2015,4,DUQ,,,,,,,3.062,2.771,2015-04-01
2015,5,DUQ,,,,,,,3.223,2.774,2015-05-01
2015,6,DUQ,,,,,,,2.977,2.569,2015-06-01
2015,7,DUQ,,,,,,,3.118,2.506,2015-07-01
2015,8,DUQ,,,,,,,2.729,2.45,2015-08-01
2015,9,DUQ,,,,,,,3.08,2.449,2015-09-01
2015,10,DUQ,,,,,,,2.786,2.525,2015-10-01
2015,11,DUQ,,,,,,,2.515,2.291,2015-11-01
2015,12,DUQ,,,,,,,2.402,2.285,2015-12-01
2016,1,DUQ,,,,,,,2.669,2.356,2016-01-01
2016,2,DUQ,,,,,,,2.443,2.289,2016-02-01
2016,3,DUQ,,,,,,,2.361,2.214,2016-03-01
2016,4,DUQ,,,,,,,2.876,2.437,2016-04-01
2016,5,DUQ,,,,,,,2.268,2.235,2016-05-01
2016,6,DUQ,,,,,,,2.67,2.353,2016-06-01
2016,7,DUQ,,,,,,,2.882,2.491,2016-07-01
2016,8,DUQ,,,,,,,3.502,2.587,2016-08-01
2016,9,DUQ,,,,,,,2.992,2.372,2016-09-01
2016,10,DUQ,,,,,,,2.739,2.497,2016-10-01
2016,11,DUQ,,,,,,,2.548,2.335,2016-11-01
2016,12,DUQ,,,,,,,3.049,2.718,2016-12-01
2017,1,DUQ,,,,,,,2.96,2.576,2017-01-01
2017,2,DUQ,,,,,,,2.521,2.374,2017-02-01
2017,3,DUQ,,,,,,,3.191,2.83,2017-03-01
2017,4,DUQ,,,,,,,2.775,2.621,2017-04-01
2017,5,DUQ,,,,,,,3.046,2.646,2017-05-01
2017,6,DUQ,,,,,,,2.653,2.401,2017-06-01
2017,7,DUQ,,,,,,,3.086,2.587,2017-07-01
2017,8,DUQ,11.333685294117647,11.093,136.0,9.843,9.843,1.0,2.736,2.364,2017-08-01
2017,9,DUQ,11.154971014492753,10.80065,138.0,9.7912,9.7912,1.0,3.119,2.299,2017-09-01
2017,10,DUQ,11.436506338028169,11.0416,142.0,9.8234,9.8234,1.0,2.822,2.564,2017-10-01
2017,11,DUQ,11.445028057553957,11.0413,139.0,9.8232,9.8232,1.0,2.817,2.512,2017-11-01
2017,12,DUQ,11.618105217391305,11.0478,115.0,9.855,9.855,1.0,3.31,2.708,2017-12-01
2018,1,DUQ,11.552542857142857,10.8715,112.0,9.8016,9.8016,1.0,6.526,3.85,2018-01-01
2018,2,DUQ,11.521387272727273,10.861049999999999,110.0,9.7573,9.7573,1.0,2.578,2.372,2018-02-01
2018,3,DUQ,11.515146,10.85585,100.0,9.7353,9.7353,1.0,3.385,2.776,2018-03-01
2018,4,DUQ,11.52109210526316,10.8128,114.0,9.6968,9.6968,1.0,3.989,3.182,2018-04-01
2018,5,DUQ,11.435622222222221,10.8254,117.0,9.5865,9.5865,1.0,4.643,2.896,2018-05-01
2018,6,DUQ,11.482255263157896,10.80185,114.0,9.5691,9.5691,1.0,3.094,2.49,2018-06-01
2018,7,DUQ,11.59189224137931,11.0112,116.0,9.5685,9.5685,1.0,3.142,2.732,2018-07-01
2018,8,DUQ,11.661418260869565,11.005,115.0,9.5631,9.5631,1.0,3.281,2.834,2018-08-01
2018,9,DUQ,11.723755263157894,11.0431,114.0,9.552,9.552,1.0,3.792,2.836,2018-09-01
2018,10,DUQ,11.84714054054054,11.3027,111.0,8.9263,8.9263,1.0,3.566,2.92,2018-10-01
2018,11,DUQ,11.80898108108108,11.3152,111.0,8.9563,8.9563,1.0,3.791,3.367,2018-11-01
2018,12,DUQ,12.1701,11.8622,109.0,8.9467,8.9467,1.0,3.153,2.933,2018-12-01
2019,1,DUQ,12.1264752293578,11.6103,109.0,8.9297,8.9297,1.0,2.924,2.548,2019-01-01
2019,2,DUQ,11.365217757009347,10.9268,107.0,8.8921,8.8921,1.0,2.772,2.476,2019-02-01
2019,3,DUQ,11.008722429906541,10.6636,107.0,8.8422,8.8422,1.0,2.916,2.582,2019-03-01
2019,4,DUQ,10.823843636363637,10.5322,110.0,8.7956,8.7956,1.0,2.586,2.326,2019-04-01
2019,5,DUQ,,,,,,,2.407,2.263,2019-05-01
2019,6,DUQ,10.718017757009346,10.3824,107.0,8.8462,8.8462,1.0,2.214,2.054,2019-06-01
2019,7,DUQ,10.406721495327103,9.865,107.0,8.8314,8.8314,1.0,2.809,2.413,2019-07-01
2019,8,DUQ,10.171901834862386,9.5904,109.0,8.8319,8.8319,1.0,2.351,2.114,2019-08-01
2019,9,DUQ,10.23376261682243,9.7328,107.0,8.8249,8.8249,1.0,2.96,2.256,2019-09-01
2019,10,DUQ,10.22007641509434,9.82905,106.0,8.8048,8.8048,1.0,2.75,2.215,2019-10-01
2019,11,DUQ,10.360869811320754,9.9653,106.0,8.6162,8.6162,1.0,2.802,2.346,2019-11-01
2019,12,DUQ,10.334752336448599,9.6373,107.0,8.4306,8.4306,1.0,2.259,2.085,2019-12-01
2020,1,DUQ,10.090723364485982,9.426,107.0,8.398,8.398,1.0,2.146,2.008,2020-01-01
2020,2,DUQ,9.977532727272727,9.282399999999999,110.0,8.375,8.375,1.0,1.963,1.888,2020-02-01
2020,3,DUQ,9.711396296296297,9.0106,108.0,8.3933,8.3933,1.0,1.843,1.734,2020-03-01
2020,4,DUQ,9.703078703703705,8.9962,108.0,8.4498,8.4498,1.0,1.881,1.695,2020-04-01
2020,5,DUQ,9.845295412844036,9.2838,109.0,8.4496,8.4496,1.0,2.011,1.68,2020-05-01
2020,6,DUQ,,,,,,,1.971,1.658,2020-06-01
2020,7,DUQ,9.546284761904761,8.9144,105.0,8.2334,8.2334,1.0,2.938,2.044,2020-07-01
2020,8,DUQ,9.711809174311925,9.1579,109.0,8.3351,8.3351,1.0,2.333,1.931,2020-08-01
2020,9,DUQ,9.872832291666667,9.3793,96.0,8.7631,8.7631,1.0,1.895,1.646,2020-09-01
2020,10,DUQ,9.937174468085106,9.3878,94.0,8.7594,8.7594,1.0,2.177,1.851,2020-10-01
2020,11,DUQ,10.048548936170212,9.6462,94.0,8.7648,8.7648,1.0,2.056,1.839,2020-11-01
2020,12,DUQ,10.123465957446808,9.766449999999999,94.0,8.1408,8.1408,1.0,2.392,2.195,2020-12-01
2021,1,DUQ,10.028447368421052,9.676,95.0,8.1063,8.1063,1.0,2.39,2.243,2021-01-01
2021,2,DUQ,10.068842105263158,9.7941,95.0,8.0621,8.0621,1.0,3.605,2.779,2021-02-01
2021,3,DUQ,10.149098913043478,10.00375,92.0,8.0054,8.0054,1.0,2.447,2.057,2021-03-01
2021,4,DUQ,10.21605641025641,9.9583,78.0,7.9402,7.9402,1.0,2.545,2.324,2021-04-01
2021,5,DUQ,10.314590410958905,10.1293,73.0,7.877,7.877,1.0,2.709,2.346,2021-05-01
2021,6,DUQ,10.47506883116883,10.2604,77.0,8.2453,8.2453,1.0,3.224,2.534,2021-06-01
2021,7,DUQ,10.635828571428572,10.6813,77.0,8.2058,8.2058,1.0,3.446,3.13,2021-07-01
2021,8,DUQ,11.041995,10.7179,80.0,0.3713,0.3713,1.0,4.288,3.607,2021-08-01
2021,9,DUQ,11.50234406779661,11.2151,59.0,8.1667,8.1667,1.0,4.568,3.841,2021-09-01
2021,10,DUQ,11.874390384615385,11.4823,52.0,0.3673,0.3673,1.0,5.858,5.474,2021-10-01
2021,11,DUQ,12.361214545454546,12.1763,55.0,8.0598,8.0598,1.0,6.502,5.751,2021-11-01
2021,12,DUQ,12.396654237288136,11.9549,59.0,8.691,8.691,1.0,3.646,3.185,2021-12-01
2022,1,DUQ,11.756970270270271,11.2961,74.0,0.6314,0.6314,1.0,4.848,4.4,2022-01-01
2022,2,DUQ,11.511926470588236,11.5217,68.0,0.6256,0.6256,1.0,4.309,4.098,2022-02-01
2022,3,DUQ,12.298177941176471,12.2626,68.0,8.428,8.428,1.0,4.275,3.921,2022-03-01
2022,4,DUQ,,,,,,,6.404,5.931,2022-04-01
2022,5,DUQ,15.432495,15.4144,60.0,8.2898,8.2898,1.0,7.327,6.634,2022-05-01
2022,6,DUQ,16.484027777777776,17.2138,54.0,9.1627,9.1627,1.0,8.984,7.282,2022-06-01
2022,7,DUQ,16.452198181818183,16.7827,55.0,9.5499,9.5499,1.0,8.309,7.824,2022-07-01
2022,8,DUQ,16.98531923076923,17.5306,52.0,0.5271,0.5271,1.0,9.262,8.386,2022-08-01
2022,9,DUQ,17.481580769230767,17.5092,52.0,9.5328,9.5328,1.0,7.222,6.618,2022-09-01
2022,10,DUQ,13.758531249999999,14.0369,48.0,5.6155,5.6155,1.0,5.54,5.142,2022-10-01
2022,11,DUQ,15.117382692307691,14.880849999999999,52.0,9.5039,9.5039,1.0,5.019,4.851,2022-11-01
2022,12,DUQ,15.487573076923077,14.74825,52.0,11.576,11.576,1.0,11.66,5.603,2022-12-01
2023,1,DUQ,13.49801836734694,12.8567,49.0,0.7613,0.7613,1.0,3.537,3.164,2023-01-01
2023,2,DUQ,12.602358490566036,11.8896,53.0,11.4204,11.4204,1.0,2.476,2.251,2023-02-01
2023,3,DUQ,11.848369090909092,11.0639,55.0,11.3827,11.3827,1.0,2.772,2.468,2023-03-01
2023,4,DUQ,11.917915789473684,11.41,57.0,0.7508,0.7508,1.0,2.88,2.651,2023-04-01
2023,5,DUQ,11.430739999999998,11.5923,45.0,10.4883,10.4883,1.0,2.887,2.582,2023-05-01
2023,6,DUQ,11.558365217391303,11.29215,46.0,0.9953,0.9953,1.0,2.597,2.343,2023-06-01
2023,7,DUQ,11.463363043478262,11.165700000000001,46.0,0.9934,0.9934,1.0,3.344,2.835,2023-07-01
2023,8,DUQ,11.24352,11.17465,40.0,0.9891,0.9891,1.0,2.83,2.495,2023-08-01
2023,9,DUQ,11.0866525,11.0375,40.0,0.9867,0.9867,1.0,2.956,2.475,2023-09-01
2023,10,DUQ,10.906102564102564,11.0417,39.0,11.4136,11.4136,1.0,3.64,2.907,2023-10-01
2023,11,DUQ,11.218505128205129,11.3775,39.0,0.989,0.989,1.0,3.498,2.644,2023-11-01
2023,12,DUQ,10.863434999999999,10.7613,40.0,0.3033,0.3033,1.0,2.698,2.307,2023-12-01
2024,1,DUQ,10.8045725,10.703,40.0,10.3563,10.3563,1.0,3.597,2.978,2024-01-01
2024,2,DUQ,10.689002499999999,10.7405,40.0,0.2998,0.2998,1.0,2.486,2.095,2024-02-01
2024,3,DUQ,10.421865,10.368,40.0,0.2979,0.2979,1.0,2.257,1.902,2024-03-01
2024,4,DUQ,10.151815384615384,10.3232,39.0,0.2967,0.2967,1.0,2.751,2.402,2024-04-01
2024,5,DUQ,,,,,,,4.021,2.62,2024-05-01
2024,6,DUQ,,,,,,,2.949,2.423,2024-06-01
2024,7,DUQ,11.043345238095238,11.0046,42.0,0.6221,0.6221,1.0,4.065,2.997,2024-07-01
2024,8,DUQ,10.816836585365854,10.9956,41.0,0.6216,0.6216,1.0,3.069,2.435,2024-08-01
2024,9,DUQ,11.01095111111111,11.1815,45.0,0.6206,0.6206,1.0,2.955,2.392,2024-09-01
2024,10,DUQ,11.714855555555555,11.7784,45.0,1.2839,1.2839,1.0,3.164,2.454,2024-10-01
2024,11,DUQ,11.544836734693877,11.5814,49.0,1.2846,1.2846,1.0,2.868,2.58,2024-11-01
2024,12,DUQ,11.473602173913044,11.684000000000001,46.0,10.4355,10.4355,1.0,3.222,2.966,2024-12-01
2025,1,DUQ,11.70214,11.90595,40.0,10.3676,10.3676,1.0,5.05,3.874,2025-01-01
2025,2,DUQ,12.026982608695652,12.5571,46.0,10.3218,10.3218,1.0,4.581,3.789,2025-02-01
2025,3,DUQ,12.56852,13.0305,45.0,0.6019,0.6019,1.0,4.191,3.503,2025-03-01
2025,4,DUQ,13.020880952380951,13.49,42.0,0.6,0.6,1.0,4.393,3.852,2025-04-01
2025,5,DUQ,,,,,,,3.017,2.662,2025-05-01
2025,6,DUQ,,,,,,,5.171,3.105,2025-06-01
2025,7,DUQ,,,,,,,4.901,4.079,2025-07-01
2025,8,DUQ,,,,,,,3.478,2.855,2025-08-01
2025,9,DUQ,,,,,,,4.086,3.078,2025-09-01
2025,10,DUQ,,,,,,,4.534,3.679,2025-10-01
2025,11,DUQ,,,,,,,4.276,3.661,2025-11-01
2025,12,DUQ,,,,,,,4.243,3.888,2025-12-01
2026,1,DUQ,,,,,,,6.732,3.715,2026-01-01
2026,2,DUQ,,,,,,,6.635,4.091,2026-02-01
2026,3,DUQ,,,,,,,4.679,3.288,2026-03-01
2026,4,DUQ,,,,,,,4.48,3.222,2026-04-01
2026,5,DUQ,,,,,,,3.789,2.906,2026-05-01
2026,6,DUQ,,,,,,,4.685,2.928,2026-06-01
2026,7,DUQ,,,,,,,7.789,4.008,2026-07-01
2026,8,DUQ,,,,,,,4.785,3.553,2026-08-01
2026,9,DUQ,,,,,,,7.611,3.664,2026-09-01
2026,10,DUQ,,,,,,,4.489,3.625,2026-10-01
