Year,Month,EDC,Mean_Real_Markup,Real_RT_Average,Number_of_Offers
2017,8,APS,1.795333928571429,3.533,112.0
2017,8,DUQ,1.4906463235294116,3.5749,136.0
2017,8,METED,2.1326701149425284,3.1855,87.0
2017,8,PECO,1.5784448863636362,3.1659,176.0
2017,8,PENELEC,1.6187584415584417,3.3397,77.0
2017,8,PPL,1.322601694915254,3.1254,118.0
2017,9,APS,2.2505043859649114,4.0538,114.0
2017,9,DUQ,1.3637630434782608,4.0538,138.0
2017,9,METED,1.8769344444444445,3.7939,90.0
2017,9,PECO,1.5052445086705204,2.8737,173.0
2017,9,PENELEC,2.456096296296297,3.6327,81.0
2017,9,PPL,1.295829508196721,3.365,122.0
2017,10,APS,2.311381512605042,3.7247,119.0
2017,10,DUQ,1.613097887323943,3.6701,142.0
2017,10,METED,2.0060106382978726,2.8014,94.0
2017,10,PECO,1.6163649717514121,2.9964,177.0
2017,10,PENELEC,2.5560164705882356,3.4659,85.0
2017,10,PPL,1.4420063492063495,2.8833,126.0
2017,11,APS,2.029931355932203,3.7702,118.0
2017,11,DUQ,1.6218510791366905,3.6635,139.0
2017,11,METED,1.5233532608695652,3.579,92.0
2017,11,PECO,1.6427608187134506,3.3553,171.0
2017,11,PENELEC,1.6482349397590368,4.0862,83.0
2017,11,PPL,1.6326349593495937,3.2656,123.0
2017,12,APS,1.8212464912280697,4.9266,114.0
2017,12,DUQ,1.7631278260869572,4.3072,115.0
2017,12,METED,0.9043565217391304,5.7698,92.0
2017,12,PECO,1.4501377483443705,5.9104,151.0
2017,12,PENELEC,0.843821590909091,5.1205,88.0
2017,12,PPL,1.7186720720720716,5.7555,111.0
2018,1,APS,1.7249412844036698,10.1312,109.0
2018,1,DUQ,1.7509767857142862,8.4461,112.0
2018,1,METED,0.8794325842696626,11.5729,89.0
2018,1,PECO,1.534372297297297,11.3477,148.0
2018,1,PENELEC,0.9455435294117647,9.708,85.0
2018,1,PPL,1.757754629629629,11.0255,108.0
2018,2,APS,1.3872060606060612,3.3923,99.0
2018,2,DUQ,1.7640645454545452,3.3214,110.0
2018,2,METED,1.429083132530121,3.297,83.0
2018,2,PECO,1.7545812949640287,3.2081,139.0
2018,2,PENELEC,1.41609125,3.5804,80.0
2018,2,PPL,1.8529000000000007,3.1269,99.0
2018,3,APS,1.6005811881188121,4.4786,101.0
2018,3,DUQ,1.779824,4.3513,100.0
2018,3,METED,1.587316216216216,3.2317,74.0
2018,3,PECO,1.8159646017699123,3.3422,113.0
2018,3,PENELEC,1.8407942028985511,3.9143,69.0
2018,3,PPL,1.6252666666666664,3.1494,90.0
2018,4,APS,1.6908673076923082,4.6721,104.0
2018,4,DUQ,1.8243245614035077,5.1075,114.0
2018,4,METED,1.616516470588235,3.8834,85.0
2018,4,PECO,1.405860483870968,4.0742,124.0
2018,4,PENELEC,1.910488607594937,4.4493,79.0
2018,4,PPL,1.5128360000000003,3.9039,100.0
2018,5,APS,1.7083855769230774,4.5648,104.0
2018,5,DUQ,1.8491393162393155,5.9202,117.0
2018,5,METED,1.5720164705882351,2.8753,85.0
2018,5,PECO,1.6865399999999997,3.1558,130.0
2018,5,PENELEC,1.788296296296297,4.209,81.0
2018,5,PPL,1.4260514563106808,2.9263,103.0
2018,6,APS,1.364493333333333,3.8141,105.0
2018,6,DUQ,1.913155263157894,3.9388,114.0
2018,6,METED,1.3054776470588234,3.231,85.0
2018,6,PECO,1.6645304687500002,3.1928,128.0
2018,6,PENELEC,1.3467300000000002,3.6066,80.0
2018,6,PPL,1.04187572815534,3.2157,103.0
2018,7,APS,1.568586538461539,3.9907,104.0
2018,7,DUQ,2.0234275862068967,3.9997,116.0
2018,7,METED,1.5706152941176472,3.8227,85.0
2018,7,PECO,1.9440953488372095,3.8023,129.0
2018,7,PENELEC,1.6301937500000003,3.9513,80.0
2018,7,PPL,1.136076635514019,3.7247,107.0
2018,8,APS,1.6420898148148144,4.0992,108.0
2018,8,DUQ,2.0982634782608693,4.1743,115.0
2018,8,METED,1.64186511627907,4.0878,86.0
2018,8,PECO,2.175624603174603,3.9173,126.0
2018,8,PENELEC,1.6141024096385546,4.1781,83.0
2018,8,PPL,1.2322373831775706,3.9275,107.0
2018,9,APS,2.231678095238095,4.538,105.0
2018,9,DUQ,2.171699122807017,4.8188,114.0
2018,9,METED,2.0958952941176467,3.5633,85.0
2018,9,PECO,2.367468253968255,3.4769,126.0
2018,9,PENELEC,2.035943902439025,4.1415,82.0
2018,9,PPL,1.3020764150943396,3.609,106.0
2018,10,APS,2.4944999999999986,4.138,105.0
2018,10,DUQ,2.9208405405405404,4.5236,111.0
2018,10,METED,2.449004761904762,3.9578,84.0
2018,10,PECO,2.6292799999999996,3.779,125.0
2018,10,PENELEC,2.373140740740741,4.0555,81.0
2018,10,PPL,1.5837476190476185,3.7663,105.0
2018,11,APS,2.6460323809523802,4.6165,105.0
2018,11,DUQ,2.8526873873873866,4.8252,111.0
2018,11,METED,2.36147619047619,4.5235,84.0
2018,11,PECO,2.619991199999999,4.2613,125.0
2018,11,PENELEC,2.1999914634146345,4.5045,82.0
2018,11,PPL,1.8166552380952374,4.2384,105.0
2018,12,APS,1.7650161904761899,4.0899,105.0
2018,12,DUQ,3.2234073394495413,4.026,109.0
2018,12,METED,2.1110214285714286,4.178,84.0
2018,12,PECO,2.8230434426229496,3.9571,122.0
2018,12,PENELEC,2.284746341463415,4.4691,82.0
2018,12,PPL,2.0957932692307693,3.8051,104.0
2019,1,APS,1.7689466666666667,3.8425,105.0
2019,1,DUQ,3.1968064220183487,3.7265,109.0
2019,1,METED,1.986989285714286,4.1955,84.0
2019,1,PECO,2.9413709677419364,4.3026,124.0
2019,1,PENELEC,2.257007317073171,3.7227,82.0
2019,1,PPL,2.173077570093459,3.8259,107.0
2020,1,APS,0.7559545454545455,2.6972,88.0
2020,1,DUQ,1.6927411214953278,2.6686,107.0
2020,1,METED,0.89113661971831,2.6835,71.0
2020,1,PECO,1.6958499999999996,2.6064,120.0
2020,1,PENELEC,0.5762895522388061,2.5604,67.0
2020,1,PPL,1.7347287234042554,2.4299,94.0
2021,1,APS,1.818398795180723,3.0303,83.0
2021,1,DUQ,1.922164210526315,2.931,95.0
2021,1,METED,1.3005507462686565,2.8832,67.0
2021,1,PECO,1.8003284313725487,2.7103,102.0
2021,1,PENELEC,1.7769388888888888,2.996,54.0
2021,1,PPL,1.4622488095238095,2.7336,84.0
2022,1,APS,7.402448076923077,7.1473,52.0
2022,1,DUQ,11.125595945945946,5.5317,74.0
2022,1,METED,3.853078260869565,9.6838,46.0
2022,1,PECO,7.188975862068963,9.2365,87.0
2022,1,PENELEC,4.814709523809523,7.6688,42.0
2022,1,PPL,2.83016440677966,8.3477,59.0
2023,1,APS,12.34155238095238,3.9567,42.0
2023,1,DUQ,12.736702040816324,3.7927,49.0
2023,1,METED,12.485070588235295,3.9106,34.0
2023,1,PECO,5.958834545454547,3.2833,55.0
2023,1,PENELEC,11.251375000000001,3.8002,36.0
2023,1,PPL,4.73049347826087,3.4613,46.0
2023,2,APS,1.6730148936170215,2.7607,47.0
2023,2,DUQ,1.1819584905660379,2.6402,53.0
2023,2,METED,0.8760486486486487,2.5923,37.0
2023,2,PECO,0.31832741935483866,2.4334,62.0
2023,2,PENELEC,0.8464461538461541,2.6722,39.0
2023,2,PPL,-1.4533219999999998,2.5208,50.0
2023,3,APS,1.1519980392156859,2.9929,51.0
2023,3,DUQ,0.46565090909090917,2.9461,55.0
2023,3,METED,0.853246153846154,2.7367,39.0
2023,3,PECO,-0.19393728813559316,2.453,59.0
2023,3,PENELEC,0.890865,2.8792,40.0
2023,3,PPL,-1.941970588235294,2.6347,51.0
2023,4,APS,10.63373018867925,3.018,53.0
2023,4,DUQ,11.167117543859648,3.0455,57.0
2023,4,METED,10.365141463414634,2.5421,41.0
2023,4,PECO,4.51256935483871,2.41,62.0
2023,4,PENELEC,10.505311904761903,2.8329,42.0
2023,4,PPL,8.870928301886796,2.4618,53.0
2023,5,APS,0.8156063492063489,3.1454,63.0
2023,5,DUQ,0.9424444444444446,3.0452,45.0
2023,5,METED,0.59625,2.7594,32.0
2023,5,PECO,0.7194474576271186,1.6381,59.0
2023,5,PENELEC,1.2176749999999998,2.7425,32.0
2023,5,PPL,1.1194291666666667,2.4028,48.0
2023,6,APS,9.49726557377049,2.8178,61.0
2023,6,DUQ,10.563034782608694,2.7305,46.0
2023,6,METED,10.517579999999999,2.3541,30.0
2023,6,PECO,-1.01895,1.9756,48.0
2023,6,PENELEC,10.121570967741937,2.6874,31.0
2023,6,PPL,10.3305925,2.1848,40.0
2023,7,APS,9.468180327868852,3.6079,61.0
2023,7,DUQ,10.469910869565219,3.5092,46.0
2023,7,METED,10.399966666666666,3.0454,30.0
2023,7,PECO,-1.1197666666666668,3.0296,48.0
2023,7,PENELEC,10.11244193548387,3.6561,31.0
2023,7,PPL,5.1651375,2.8722,40.0
2023,8,APS,3.9843918367346935,3.1607,49.0
2023,8,DUQ,10.25439,2.9569,40.0
2023,8,METED,10.358411538461537,2.1754,26.0
2023,8,PECO,-0.6998090909090908,2.0019,44.0
2023,8,PENELEC,9.933316,2.702,25.0
2023,8,PPL,5.0156542857142865,2.026,35.0
2023,9,APS,3.9253836734693874,3.2008,49.0
2023,9,DUQ,10.100000000000001,3.0809,40.0
2023,9,METED,10.244542307692308,2.2898,26.0
2023,9,PECO,-0.23901590909090908,2.1408,44.0
2023,9,PENELEC,9.812808,3.133,25.0
2023,9,PPL,4.262102857142858,2.0522,35.0
2023,10,APS,-0.921042857142857,3.9131,49.0
2023,10,DUQ,-0.5075076923076925,3.7953,39.0
2023,10,METED,-0.34672499999999995,3.2583,24.0
2023,10,PECO,-0.3884069767441861,1.9466,43.0
2023,10,PENELEC,-0.04577826086956522,3.4064,23.0
2023,10,PPL,-1.1704470588235294,2.86,34.0
2023,11,APS,4.042384615384616,3.6034,52.0
2023,11,DUQ,10.229476923076927,3.6546,39.0
2023,11,METED,10.245865384615383,3.2711,26.0
2023,11,PECO,-0.3144022222222223,2.7268,45.0
2023,11,PENELEC,9.595554166666666,3.9387,24.0
2023,11,PPL,4.401614705882352,3.1228,34.0
2023,12,APS,3.95685,3.0035,52.0
2023,12,DUQ,10.560152500000001,2.8216,40.0
2023,12,METED,8.863515384615386,2.6323,26.0
2023,12,PECO,0.2267571428571428,2.2066,49.0
2023,12,PENELEC,9.562911538461538,3.1604,26.0
2023,12,PPL,5.472924324324325,2.4723,37.0
2024,1,APS,-1.2652384615384618,4.2001,52.0
2024,1,DUQ,0.44830500000000006,3.7414,40.0
2024,1,METED,-1.5858384615384613,4.2084,26.0
2024,1,PECO,0.22553469387755098,3.9005,49.0
2024,1,PENELEC,-0.8902346153846153,4.3446,26.0
2024,1,PPL,0.24260810810810815,3.835,37.0
2024,2,APS,3.9384538461538465,2.6567,52.0
2024,2,DUQ,10.389222499999999,2.5699,40.0
2024,2,METED,8.938596153846156,2.36,26.0
2024,2,PECO,0.36991063829787235,1.9103,47.0
2024,2,PENELEC,9.61163076923077,2.6495,26.0
2024,2,PPL,5.402829729729732,2.0985,37.0
2024,3,APS,3.572048076923078,2.4188,52.0
2024,3,DUQ,10.124012500000001,2.3182,40.0
2024,3,METED,8.479826923076923,2.2524,26.0
2024,3,PECO,-0.3489234042553192,2.0634,47.0
2024,3,PENELEC,9.450746153846152,2.5924,26.0
2024,3,PPL,4.681523684210528,2.0224,38.0
2024,4,APS,3.5894925925925922,2.9281,54.0
2024,4,DUQ,9.855115384615388,2.8146,39.0
2024,4,METED,8.451633333333334,2.746,27.0
2024,4,PECO,-0.3040340425531917,2.5117,47.0
2024,4,PENELEC,9.093200000000003,2.7911,27.0
2024,4,PPL,4.773000000000002,2.613,39.0
2024,7,APS,9.786927586206895,4.4253,58.0
2024,7,DUQ,10.421228571428568,4.1458,42.0
2024,7,METED,10.588844827586207,3.7685,29.0
2024,7,PECO,0.6030530612244897,4.2611,49.0
2024,7,PENELEC,10.378324137931035,3.9908,29.0
2024,7,PPL,6.460083333333333,3.8378,42.0
2024,8,APS,9.484156666666665,3.206,60.0
2024,8,DUQ,10.195221951219512,3.1275,41.0
2024,8,METED,10.112753333333332,2.9573,30.0
2024,8,PECO,0.3185981132075472,2.9736,53.0
2024,8,PENELEC,9.692900000000003,3.2161,30.0
2024,8,PPL,6.136297727272727,2.836,44.0
2024,9,APS,4.811677777777778,3.094,63.0
2024,9,DUQ,10.390324444444447,3.0065,45.0
2024,9,METED,10.7398375,2.4825,32.0
2024,9,PECO,0.6996440677966099,2.1702,59.0
2024,9,PENELEC,10.364084375,2.8864,32.0
2024,9,PPL,6.1584062500000005,2.3157,48.0
2024,10,APS,5.207445312500001,3.376,64.0
2024,10,DUQ,10.431002222222226,3.2154,45.0
2024,10,METED,10.96313125,2.4482,32.0
2024,10,PECO,0.857953448275862,2.4908,58.0
2024,10,PENELEC,10.457284375,3.0,32.0
2024,10,PPL,6.27051875,2.438,48.0
2024,11,APS,4.940391549295774,2.9701,71.0
2024,11,DUQ,10.260257142857142,2.9162,49.0
2024,11,METED,10.802680555555556,2.8155,36.0
2024,11,PECO,5.1735758064516135,2.7179,62.0
2024,11,PENELEC,10.332858333333336,2.8999,36.0
2024,11,PPL,11.232611764705883,2.7484,51.0
2024,12,APS,0.2447942028985508,3.6348,69.0
2024,12,DUQ,1.0381152173913044,3.275,46.0
2024,12,METED,0.17931428571428576,3.3045,35.0
2024,12,PECO,0.8470116666666664,3.1591,60.0
2024,12,PENELEC,0.5424600000000002,4.0414,35.0
2024,12,PPL,1.15116,2.9294,50.0
2025,1,APS,0.5653745762711864,6.2892,59.0
2025,1,DUQ,1.334495,5.0997,40.0
2025,1,METED,0.5617699999999998,5.8116,30.0
2025,1,PECO,1.305884,5.7914,50.0
2025,1,PENELEC,0.9731133333333332,5.9934,30.0
2025,1,PPL,1.6412444444444452,5.6086,45.0
2025,2,APS,0.9021681159420293,4.7946,69.0
2025,2,DUQ,1.7052021739130434,4.6056,46.0
2025,2,METED,0.7506885714285715,4.5724,35.0
2025,2,PECO,1.626513793103448,4.6438,58.0
2025,2,PENELEC,1.1394914285714288,5.7849,35.0
2025,2,PPL,1.8394367346938776,4.2889,49.0
2025,3,APS,10.805540579710145,4.4578,69.0
2025,3,DUQ,11.966642222222225,4.2041,45.0
2025,3,METED,11.385259375,4.2081,32.0
2025,3,PECO,2.559823636363636,3.3063,55.0
2025,3,PENELEC,11.747128125,4.504,32.0
2025,3,PPL,7.467008163265305,3.6353,49.0
2025,4,APS,11.38661475409836,4.423,61.0
2025,4,DUQ,12.420880952380951,4.393,42.0
2025,4,METED,11.767677419354838,3.637,31.0
2025,4,PECO,7.516056603773586,3.371,53.0
2025,4,PENELEC,12.22034375,4.125,32.0
2025,4,PPL,8.218011627906977,3.566,43.0
