Year,Month,Date,EDC,EGS_Average,PTC_Average,PJM_RT_Average
2017,8,2017-08-01,PPL,11.213553389830508,9.891,31.2538
2017,9,2017-09-01,PPL,11.134694262295083,9.8389,33.6497
2017,10,2017-10-01,PPL,11.287087301587302,9.8451,28.833
2017,11,2017-11-01,PPL,11.292486991869918,9.6598,32.6558
2017,12,2017-12-01,PPL,11.199092792792793,9.4804,57.5423
2018,1,2018-01-01,PPL,11.186813888888889,9.4291,110.2548
2018,2,2018-02-01,PPL,11.163155555555555,9.3103,31.269
2018,3,2018-03-01,PPL,10.990576666666666,9.3653,31.4941
2018,4,2018-04-01,PPL,10.841074,9.3282,39.0389
2018,5,2018-05-01,PPL,10.785142718446602,9.3591,29.2631
2018,6,2018-06-01,PPL,10.682695145631069,9.6408,32.1573
2018,7,2018-07-01,PPL,10.776252336448598,9.6402,37.247
2018,8,2018-08-01,PPL,10.867058878504674,9.6348,39.2746
2018,9,2018-09-01,PPL,10.925072641509434,9.623,36.0902
2018,10,2018-10-01,PPL,11.167565714285713,9.5838,37.663
2018,11,2018-11-01,PPL,11.215038095238095,9.3984,42.3844
2018,12,2018-12-01,PPL,11.482793269230768,9.387,38.0511
2019,1,2019-01-01,PPL,11.542217757009345,9.3691,38.2718
2019,2,2019-02-01,PPL,10.981924242424242,9.3297,32.6409
2019,3,2019-03-01,PPL,10.719539175257731,8.5101,33.7324
2019,4,2019-04-01,PPL,10.641691666666667,8.4653,30.3788
2019,6,2019-06-01,PPL,10.51785,8.7875,24.3718
2019,7,2019-07-01,PPL,10.513628260869565,8.7728,32.0206
2019,8,2019-08-01,PPL,10.315435869565217,8.7733,25.4452
2019,9,2019-09-01,PPL,10.370646739130436,8.767,28.099
2019,10,2019-10-01,PPL,10.351675268817203,8.7464,25.3922
2019,11,2019-11-01,PPL,10.46666129032258,9.007,28.8981
2019,12,2019-12-01,PPL,10.474040425531914,8.5344,30.1728
2020,1,2020-01-01,PPL,10.236128723404255,8.5014,24.2986
2020,2,2020-02-01,PPL,10.077334736842106,8.4782,21.8759
2020,3,2020-03-01,PPL,9.952867391304348,8.4967,19.786
2020,4,2020-04-01,PPL,9.990627173913044,8.5539,20.5072
2020,5,2020-05-01,PPL,10.035434042553192,8.5537,18.3798
2020,7,2020-07-01,PPL,9.92930224719101,8.7256,26.5203
2020,8,2020-08-01,PPL,9.899368085106383,8.4377,26.6097
2020,9,2020-09-01,PPL,10.154591011235954,4.9885,17.2796
2020,10,2020-10-01,PPL,10.076838823529412,4.9865,20.18
2020,11,2020-11-01,PPL,10.17129540229885,8.7985,24.8644
2020,12,2020-12-01,PPL,10.276355294117646,8.7902,31.664
2021,1,2021-01-01,PPL,10.125290476190477,8.663,27.3357
2021,2,2021-02-01,PPL,10.102357647058824,8.6159,43.799
2021,3,2021-03-01,PPL,10.144435294117647,0.264,25.615
2021,4,2021-04-01,PPL,10.05466231884058,0.2619,26.1149
2021,5,2021-05-01,PPL,10.116421875,0.2598,30.1257
2021,6,2021-06-01,PPL,10.618574647887325,8.1906,32.9419
2021,7,2021-07-01,PPL,10.805230985915491,4.6262,38.213
2021,8,2021-08-01,PPL,11.207051351351351,4.6167,50.142
2021,9,2021-09-01,PPL,11.983909836065575,8.1126,49.0238
2021,10,2021-10-01,PPL,13.037349019607843,8.0457,60.4037
2021,11,2021-11-01,PPL,13.773448,8.9497,65.556
2021,12,2021-12-01,PPL,13.478176923076923,10.6473,40.1336
2022,1,2022-01-01,PPL,13.068533898305084,10.2384,83.397
2022,2,2022-02-01,PPL,12.954188524590164,10.1457,48.2805
2022,3,2022-03-01,PPL,13.31160701754386,9.9272,44.2412
2022,5,2022-05-01,PPL,16.563036,9.7645,72.3033
2022,6,2022-06-01,PPL,17.508985714285714,13.6779,85.008
2022,7,2022-07-01,PPL,17.27218979591837,13.679600000000002,90.1612
2022,8,2022-08-01,PPL,17.933134042553192,8.2687,120.3153
2022,9,2022-09-01,PPL,18.83217659574468,13.655,69.529
2022,10,2022-10-01,PPL,14.296538596491228,7.5142,54.6944
2022,11,2022-11-01,PPL,15.948863265306121,13.613600000000002,48.6939
2022,12,2022-12-01,PPL,16.64576851851852,14.8699,130.6756
2023,1,2023-01-01,PPL,14.121010869565218,9.3905,34.6133
2023,2,2023-02-01,PPL,13.216726000000001,14.67,25.2081
2023,3,2023-03-01,PPL,12.486776470588236,14.4287,26.3471
2023,4,2023-04-01,PPL,12.652411320754718,3.7815,24.6177
2023,5,2023-05-01,PPL,12.249741666666667,11.1303,24.0285
2023,6,2023-06-01,PPL,12.0181,1.6875,21.8483
2023,7,2023-07-01,PPL,12.096495,6.9313,28.7223
2023,8,2023-08-01,PPL,11.916868571428571,6.9012,20.2596
2023,9,2023-09-01,PPL,11.690771428571429,7.4287,20.522
2023,10,2023-10-01,PPL,11.474370588235294,12.6448,28.6001
2023,11,2023-11-01,PPL,11.84814411764706,7.4465,31.2279
2023,12,2023-12-01,PPL,11.375424324324324,5.9025,24.7227
2024,1,2024-01-01,PPL,11.313794594594594,11.0712,38.3497
2024,2,2024-02-01,PPL,11.237237837837839,5.8344,20.9848
2024,3,2024-03-01,PPL,10.847192105263158,6.1657,20.2235
2024,4,2024-04-01,PPL,10.914746153846153,6.1417,26.1303
2024,7,2024-07-01,PPL,11.709935714285715,5.2499,38.3783
2024,8,2024-08-01,PPL,11.51946590909091,5.3832,28.3604
2024,9,2024-09-01,PPL,11.807147916666667,5.648700000000001,23.1566
2024,10,2024-10-01,PPL,11.912775000000002,5.6422,24.38
2024,11,2024-11-01,PPL,11.793890196078431,0.5613,27.4842
2024,12,2024-12-01,PPL,12.031179999999999,10.88,29.2939
2025,1,2025-01-01,PPL,12.450511111111112,10.8093,56.0862
2025,2,2025-02-01,PPL,12.600897959183673,10.7615,42.889
2025,3,2025-03-01,PPL,13.189275510204082,5.7223,36.3529
2025,4,2025-04-01,PPL,13.922511627906976,5.7045,35.66
